symbol,historical_fintual_name,evidence
A,Agilent Technologies Inc,fintual;help
AA,Alcoa Corp,fintual;help
AAL,American Airlines Group Inc,fintual;help
AAMI,Acadian Asset Management Inc,fintual;help
AAOI,Applied Optoelectronics Inc,fintual;help
AAON,AAON Inc,fintual;help
AAP,Advance Auto Parts Inc,fintual;help
AAPL,Apple Inc,fintual;help
AARD,Aardvark Therapeutics Inc,fintual
AAT,American Assets Trust Inc,fintual;help
ABBV,AbbVie Inc,fintual;help
ABCB,Ameris Bancorp,fintual;help
ABEO,Abeona Therapeutics Inc,fintual;help
ABG,Asbury Automotive Group Inc,fintual;help
ABM,ABM Industries Inc,fintual;help
ABR,Arbor Realty Trust Inc,fintual;help
ABSI,Absci Corp,fintual;help
ABT,Abbott Laboratories,fintual;help
ABUS,Arbutus Biopharma Corp,fintual;help
ACA,Arcosa Inc,fintual;help
ACAD,ACADIA Pharmaceuticals Inc,fintual;help
ACCO,ACCO Brands Corp,fintual;help
ACEL,Accel Entertainment Inc,fintual;help
ACGL,Arch Capital Group Ltd,fintual;help
ACIC,American Coastal Insurance Corp,fintual;help
ACIW,ACI Worldwide Inc,fintual;help
ACLS,Axcelis Technologies Inc,fintual;help
ACM,AECOM,fintual;help
ACNB,ACNB Corp,fintual;help
ACRE,Ares Commercial Real Estate Corp,fintual;help
ACT,Enact Holdings Inc,fintual;help
ACTG,Acacia Research Corp,fintual;help
AD,Array Digital Infrastructure Inc,fintual;help
ADBE,Adobe Inc,fintual;help
ADC,Agree Realty Corp,fintual;help
ADEA,Adeia Inc,fintual;help
ADI,Analog Devices Inc,fintual;help
ADMA,ADMA Biologics Inc,fintual;help
ADP,Automatic Data Processing Inc,fintual;help
ADPT,Adaptive Biotechnologies Corp,fintual;help
ADSK,Autodesk Inc,fintual;help
ADT,ADT Inc,fintual;help
ADTN,ADTRAN Holdings Inc,fintual;help
ADUS,Addus HomeCare Corp,fintual;help
AEE,Ameren Corp,fintual;help
AEHR,Aehr Test Systems,fintual;help
AEIS,Advanced Energy Industries Inc,fintual;help
AEO,American Eagle Outfitters Inc,fintual;help
AESI,Atlas Energy Solutions Inc,fintual;help
AEVA,Aeva Technologies Inc,fintual;help
AEYE,AudioEye Inc,fintual
AFCG,Advanced Flower Capital Inc,fintual;help
AFL,Aflac Inc,fintual;help
AGCO,AGCO Corp,fintual;help
AGIO,Agios Pharmaceuticals Inc,fintual;help
AGL,agilon health Inc,fintual;help
AGNC,AGNC Investment Corp,fintual;help
AGO,Assured Guaranty Ltd,fintual;help
AGX,Argan Inc,fintual;help
AGYS,Agilysys Inc,fintual;help
AHCO,AdaptHealth Corp,fintual;help
AHR,American Healthcare REIT Inc,fintual;help
AHRT,"AH Realty Trust, Inc.",fintual
AII,American Integrity Insurance Group Inc,fintual
AIN,Albany International Corp,fintual;help
AIP,Arteris Inc,fintual;help
AIR,AAR Corp,fintual;help
AIRI,Air Industries Group,fintual;help
AIRO,AIRO Group Holdings Inc,fintual
AIT,Applied Industrial Technologies Inc,fintual;help
AIZ,Assurant Inc,fintual;help
AJG,Arthur J Gallagher & Co,fintual;help
AKAM,Akamai Technologies Inc,fintual;help
AKBA,Akebia Therapeutics Inc,fintual;help
AKR,Acadia Realty Trust,fintual;help
ALAB,Astera Labs Inc,fintual;help
ALB,Albemarle Corp,fintual;help
ALC,Alcon Inc,fintual;help
ALCO,Alico Inc,fintual
ALDX,Aldeyra Therapeutics Inc,fintual;help
ALEC,Alector Inc,fintual;help
ALG,Alamo Group Inc,fintual;help
ALGM,Allegro MicroSystems Inc,fintual;help
ALGN,Align Technology Inc,fintual;help
ALGS,Aligos Therapeutics Inc,fintual;help
ALH,Alliance Laundry Holdings Inc,fintual
ALHC,Alignment Healthcare Inc,fintual;help
ALK,Alaska Air Group Inc,fintual;help
ALKS,Alkermes PLC,fintual;help
ALKT,Alkami Technology Inc,fintual;help
ALL,Allstate Corp/The,fintual;help
ALLE,Allegion plc,fintual;help
ALLO,Allogene Therapeutics Inc,fintual;help
ALLY,Ally Financial Inc,fintual;help
ALMS,Alumis Inc,fintual;help
ALNT,Allient Inc,fintual;help
ALNY,Alnylam Pharmaceuticals Inc,fintual;help
ALRM,Alarm.com Holdings Inc,fintual;help
ALRS,Alerus Financial Corp,fintual;help
ALSN,Allison Transmission Holdings Inc,fintual;help
ALT,Altimmune Inc,fintual;help
ALTO,Alto Ingredients Inc,fintual;help
ALV,Autoliv Inc,fintual;help
ALX,Alexander's Inc,fintual;help
ALXO,ALX Oncology Holdings Inc,fintual;help
AM,Antero Midstream Corp,fintual;help
AMAL,Amalgamated Financial Corp,fintual;help
AMAT,Applied Materials Inc,fintual;help
AMBA,Ambarella Inc,fintual;help
AMBQ,Ambiq Micro Inc,fintual
AMCR,Amcor PLC,fintual;help
AMD,Advanced Micro Devices Inc,fintual;help
AME,AMETEK Inc,fintual;help
AMG,Affiliated Managers Group Inc,fintual;help
AMGN,Amgen Inc,fintual;help
AMKR,Amkor Technology Inc,fintual;help
AMLX,Amylyx Pharmaceuticals Inc,fintual;help
AMN,AMN Healthcare Services Inc,fintual;help
AMP,Ameriprise Financial Inc,fintual;help
AMPH,Amphastar Pharmaceuticals Inc,fintual;help
AMPX,Amprius Technologies Inc,fintual;help
AMPY,Amplify Energy Corp,fintual
AMR,Alpha Metallurgical Resources Inc,fintual;help
AMRZ,Amrize Ltd,fintual
AMSC,American Superconductor Corp,fintual;help
AMSF,AMERISAFE Inc,fintual;help
AMTM,Amentum Holdings Inc,fintual;help
AMTX,Aemetis Inc,fintual;help
AMZN,Amazon.com Inc,fintual;help
AN,AutoNation Inc,fintual;help
ANAB,AnaptysBio Inc,fintual;help
ANET,Arista Networks Inc,fintual;help
ANGO,AngioDynamics Inc,fintual;help
ANIK,Anika Therapeutics Inc,fintual;help
ANIP,ANI Pharmaceuticals Inc,fintual;help
ANNX,Annexon Inc,fintual;help
ANRO,Alto Neuroscience Inc,fintual
AOMR,Angel Oak Mortgage REIT Inc,fintual
AORT,Artivion Inc,fintual;help
AOS,A O Smith Corp,fintual;help
AOSL,Alpha & Omega Semiconductor Ltd,fintual;help
APA,APA Corp,fintual;help
APD,Air Products and Chemicals Inc,fintual;help
APEI,American Public Education Inc,fintual;help
APG,API Group Corp,fintual;help
APH,Amphenol Corp,fintual;help
API,Agora Inc,fintual;help
APLD,Applied Digital Corp,fintual;help
APLE,Apple Hospitality REIT Inc,fintual;help
APOG,Apogee Enterprises Inc,fintual;help
APPS,Digital Turbine Inc,fintual;help
APTV,Aptiv PLC,fintual;help
AQN,Algonquin Power & Utilities Corp,fintual;help
AR,Antero Resources Corp,fintual;help
ARAY,Accuray Inc,fintual;help
ARCB,ArcBest Corp,fintual;help
ARCT,Arcturus Therapeutics Holdings Inc,fintual;help
ARDX,Ardelyx Inc,fintual;help
ARE,Alexandria Real Estate Equities Inc,fintual;help
ARGX,Argenx SE,fintual;help
ARI,Apollo Commercial Real Estate Finance Inc,fintual;help
ARKO,Arko Corp,fintual;help
ARLO,Arlo Technologies Inc,fintual;help
ARM,ARM Holdings PLC,fintual;help
ARMK,Aramark,fintual;help
AROC,Archrock Inc,fintual;help
AROW,Arrow Financial Corp,fintual;help
ARQ,Arq Inc,fintual;help
ARQT,Arcutis Biotherapeutics Inc,fintual;help
ARR,ARMOUR Residential REIT Inc,fintual;help
ARRY,Array Technologies Inc,fintual;help
ARVN,Arvinas Inc,fintual;help
ARW,Arrow Electronics Inc,fintual;help
ARWR,Arrowhead Pharmaceuticals Inc,fintual;help
ASB,Associated Banc-Corp,fintual;help
ASH,Ashland Inc,fintual;help
ASIX,AdvanSix Inc,fintual;help
ASLE,AerSale Corp,fintual;help
ASMB,Assembly Biosciences Inc,fintual
ASO,Academy Sports & Outdoors Inc,fintual;help
ASPI,ASP Isotopes Inc,fintual;help
ASPN,Aspen Aerogels Inc,fintual;help
ASTE,Astec Industries Inc,fintual;help
ASTH,Astrana Health Inc,fintual;help
ASUR,Asure Software Inc,fintual;help
ASYS,Amtech Systems Inc,fintual
ATEC,Alphatec Holdings Inc,fintual;help
ATEN,A10 Networks Inc,fintual;help
ATER,Aterian Inc,fintual;help
ATEX,Anterix Inc,fintual;help
ATI,ATI Inc,fintual;help
ATKR,Atkore Inc,fintual;help
ATLC,Atlanticus Holdings Corp,fintual;help
ATMU,Atmus Filtration Technologies Inc,fintual;help
ATNI,ATN International Inc,fintual;help
ATO,Atmos Energy Corp,fintual;help
ATOM,Atomera Inc,fintual;help
ATR,AptarGroup Inc,fintual;help
ATRA,Atara Biotherapeutics Inc,fintual;help
ATRC,AtriCure Inc,fintual;help
ATRO,Astronics Corp,fintual;help
ATYR,aTyr Pharma Inc,fintual;help
AUB,Atlantic Union Bankshares Corp,fintual;help
AURA,Aura Biosciences Inc,fintual;help
AVA,Avista Corp,fintual;help
AVAH,Aveanna Healthcare Holdings Inc,fintual;help
AVAV,AeroVironment Inc,fintual;help
AVBC,Avidia Bancorp Inc,fintual
AVBP,ArriVent Biopharma Inc,fintual;help
AVGO,Broadcom Inc,fintual;help
AVIR,Atea Pharmaceuticals Inc,fintual;help
AVNT,Avient Corp,fintual;help
AVNW,Aviat Networks Inc,fintual;help
AVO,Mission Produce Inc,fintual;help
AVT,Avnet Inc,fintual;help
AVTR,Avantor Inc,fintual;help
AVTX,Avalo Therapeutics Inc,fintual
AVXL,Anavex Life Sciences Corp,fintual;help
AVY,Avery Dennison Corp,fintual;help
AWI,Armstrong World Industries Inc,fintual;help
AX,Axos Financial Inc,fintual;help
AXGN,Axogen Inc,fintual;help
AXON,Axon Enterprise Inc,fintual;help
AXS,Axis Capital Holdings Ltd,fintual;help
AXSM,Axsome Therapeutics Inc,fintual;help
AXTA,Axalta Coating Systems Ltd,fintual;help
AXTI,AXT Inc,fintual
AZN,AstraZeneca PLC,fintual;help
AZO,AutoZone Inc,fintual;help
AZTA,Azenta Inc,fintual;help
AZZ,AZZ Inc,fintual;help
BAC,Bank of America Corp,fintual;help
BAER,Bridger Aerospace Group Holdings Inc,fintual;help
BAH,Booz Allen Hamilton Holding Corp,fintual;help
BALL,Ball Corp,fintual;help
BALY,Bally's Corp,fintual;help
BANC,Banc of California Inc,fintual;help
BANF,BancFirst Corp,fintual;help
BANR,Banner Corp,fintual;help
BAP,Credicorp Ltd,fintual;help
BAX,Baxter International Inc,fintual;help
BB,BlackBerry Ltd,fintual;help
BBCP,Concrete Pumping Holdings Inc,fintual
BBIO,Bridgebio Pharma Inc,fintual;help
BBNX,Beta Bionics Inc,fintual
BBSI,Barrett Business Services Inc,fintual;help
BBW,Build-A-Bear Workshop Inc,fintual;help
BBWI,Bath & Body Works Inc,fintual;help
BBY,Best Buy Co Inc,fintual;help
BCAL,California BanCorp,fintual;help
BCAX,Bicara Therapeutics Inc,fintual;help
BCE,BCE Inc,fintual;help
BCH,Banco de Chile,fintual;help
BCPC,Balchem Corp,fintual;help
BCRX,BioCryst Pharmaceuticals Inc,fintual;help
BDC,Belden Inc,fintual;help
BDN,Brandywine Realty Trust,fintual;help
BDSX,Biodesix Inc,fintual;help
BDTX,Black Diamond Therapeutics Inc,fintual;help
BEAM,Beam Therapeutics Inc,fintual;help
BEEM,Beam Global,fintual
BFAM,Bright Horizons Family Solutions Inc,fintual;help
BFC,Bank First Corp,fintual;help
BFH,Bread Financial Holdings Inc,fintual;help
BFS,Saul Centers Inc,fintual;help
BFST,Business First Bancshares Inc,fintual;help
BGS,B&G Foods Inc,fintual;help
BHB,Bar Harbor Bankshares,fintual;help
BHE,Benchmark Electronics Inc,fintual;help
BHF,Brighthouse Financial Inc,fintual;help
BHRB,Burke & Herbert Financial Services Corp,fintual;help
BHVN,Biohaven Ltd,fintual;help
BIIB,Biogen Inc,fintual;help
BILI,Bilibili Inc,fintual;help
BILL,BILL Holdings Inc,fintual;help
BIOA,BioAge Labs Inc,fintual;help
BIVI,BioVie Inc,fintual;help
BJ,BJ's Wholesale Club Holdings Inc,fintual;help
BJRI,BJ's Restaurants Inc,fintual;help
BKD,Brookdale Senior Living Inc,fintual;help
BKE,Buckle Inc/The,fintual;help
BKH,Black Hills Corp,fintual;help
BKNG,Booking Holdings Inc,fintual;help
BKTI,BK Technologies Corp,fintual
BKU,BankUnited Inc,fintual;help
BKV,BKV Corp,fintual;help
BL,BlackLine Inc,fintual;help
BLBD,Blue Bird Corp,fintual;help
BLDP,Ballard Power Systems Inc,fintual;help
BLDR,Builders FirstSource Inc,fintual;help
BLFS,BioLife Solutions Inc,fintual;help
BLK,BlackRock Inc,fintual;help
BLKB,Blackbaud Inc,fintual;help
BLMN,Bloomin' Brands Inc,fintual;help
BLNK,Blink Charging Co,fintual;help
BLZE,Backblaze Inc,fintual;help
BMBL,Bumble Inc,fintual;help
BMEA,Biomea Fusion Inc,fintual;help
BMI,Badger Meter Inc,fintual;help
BMO,Bank of Montreal,fintual;help
BMRC,Bank of Marin Bancorp,fintual;help
BMRN,BioMarin Pharmaceutical Inc,fintual;help
BNED,Barnes & Noble Education Inc,fintual;help
BNL,Broadstone Net Lease Inc,fintual;help
BNTC,Benitec Biopharma Inc,fintual
BOH,Bank of Hawaii Corp,fintual;help
BOKF,BOK Financial Corp,fintual;help
BOOM,DMC Global Inc,fintual;help
BOOT,Boot Barn Holdings Inc,fintual;help
BOW,Bowhead Specialty Holdings Inc,fintual;help
BPOP,Popular Inc,fintual;help
BR,Broadridge Financial Solutions Inc,fintual;help
BRBR,BellRing Brands Inc,fintual;help
BRC,Brady Corp,fintual;help
BRKR,Bruker Corp,fintual;help
BRO,Brown & Brown Inc,fintual;help
BRX,Brixmor Property Group Inc,fintual;help
BSAC,Banco Santander Chile,fintual;help
BSRR,Sierra Bancorp,fintual;help
BSVN,Bank7 Corp,fintual;help
BSX,Boston Scientific Corp,fintual;help
BTSG,BrightSpring Health Services Inc,fintual;help
BTU,Peabody Energy Corp,fintual;help
BURL,Burlington Stores Inc,fintual;help
BUSE,First Busey Corp,fintual;help
BV,BrightView Holdings Inc,fintual;help
BW,Babcock & Wilcox Enterprises Inc,fintual;help
BWA,BorgWarner Inc,fintual;help
BWB,Bridgewater Bancshares Inc,fintual;help
BWFG,Bankwell Financial Group Inc,fintual
BWMN,Bowman Consulting Group Ltd,fintual;help
BWXT,BWX Technologies Inc,fintual;help
BX,Blackstone Inc,fintual;help
BXC,BlueLinx Holdings Inc,fintual;help
BXMT,Blackstone Mortgage Trust Inc,fintual;help
BXP,BXP Inc,fintual;help
BY,Byline Bancorp Inc,fintual;help
BYD,Boyd Gaming Corp,fintual;help
BYND,Beyond Meat Inc,fintual;help
BYRN,Byrna Technologies Inc,fintual;help
BZAI,Blaize Holdings Inc,fintual
BZH,Beazer Homes USA Inc,fintual;help
C,Citigroup Inc,fintual;help
CABO,Cable One Inc,fintual;help
CAC,Camden National Corp,fintual;help
CACC,Credit Acceptance Corp,fintual;help
CADL,Candel Therapeutics Inc,fintual;help
CAE,CAE Inc,fintual;help
CAG,Conagra Brands Inc,fintual;help
CAH,Cardinal Health Inc,fintual;help
CAI,Caris Life Sciences Inc,fintual
CAL,Caleres Inc,fintual;help
CALM,Cal-Maine Foods Inc,fintual;help
CALX,Calix Inc,fintual;help
CAPR,Capricor Therapeutics Inc,fintual;help
CAR,Avis Budget Group Inc,fintual;help
CARE,Carter Bankshares Inc,fintual;help
CARR,Carrier Global Corp,fintual;help
CARS,Cars.com Inc,fintual;help
CART,Maplebear Inc,fintual;help
CASH,Pathward Financial Inc,fintual;help
CASS,Cass Information Systems Inc,fintual;help
CAT,Caterpillar Inc,fintual;help
CATX,Perspective Therapeutics Inc,fintual
CATY,Cathay General Bancorp,fintual;help
CAVA,Cava Group Inc,fintual;help
CB,Chubb Ltd,fintual;help
CBAN,Colony Bankcorp Inc,fintual
CBK,Commercial Bancgroup Inc,fintual
CBL,CBL & Associates Properties Inc,fintual;help
CBLL,Ceribell Inc,fintual;help
CBNK,Capital Bancorp Inc,fintual;help
CBOE,Cboe Global Markets Inc,fintual;help
CBRL,Cracker Barrel Old Country Store Inc,fintual;help
CBT,Cabot Corp,fintual;help
CBU,Community Financial System Inc,fintual;help
CBZ,CBIZ Inc,fintual;help
CCBG,Capital City Bank Group Inc,fintual;help
CCC,CCC Intelligent Solutions Holdings Inc,fintual;help
CCCC,C4 Therapeutics Inc,fintual;help
CCEP,Coca-Cola Europacific Partners PLC,fintual;help
CCI,Crown Castle Inc,fintual;help
CCK,Crown Holdings Inc,fintual;help
CCL,Carnival Corp,fintual;help
CCOI,Cogent Communications Holdings Inc,fintual;help
CCS,Century Communities Inc,fintual;help
CCSI,Consensus Cloud Solutions Inc,fintual;help
CDE,Coeur Mining Inc,fintual;help
CDLX,Cardlytics Inc,fintual;help
CDNA,CareDx Inc,fintual;help
CDNS,Cadence Design Systems Inc,fintual;help
CDRE,Cadre Holdings Inc,fintual;help
CDXS,Codexis Inc,fintual;help
CDZI,Cadiz Inc,fintual;help
CE,Celanese Corp,fintual;help
CECO,CECO Environmental Corp,fintual;help
CELC,Celcuity Inc,fintual;help
CELH,Celsius Holdings Inc,fintual;help
CERS,Cerus Corp,fintual;help
CERT,Certara Inc,fintual;help
CEVA,CEVA Inc,fintual;help
CF,CF Industries Holdings Inc,fintual;help
CFFN,Capitol Federal Financial Inc,fintual;help
CFG,Citizens Financial Group Inc,fintual;help
CFR,Cullen/Frost Bankers Inc,fintual;help
CGEM,Cullinan Therapeutics Inc,fintual;help
CGNX,Cognex Corp,fintual;help
CGON,CG oncology Inc,fintual;help
CHCT,Community Healthcare Trust Inc,fintual;help
CHDN,Churchill Downs Inc,fintual;help
CHE,Chemed Corp,fintual;help
CHGG,Chegg Inc,fintual;help
CHH,Choice Hotels International Inc,fintual;help
CHKP,Check Point Software Technologies Ltd,fintual;help
CHPT,ChargePoint Holdings Inc,fintual;help
CHRD,Chord Energy Corp,fintual;help
CIEN,Ciena Corp,fintual;help
CIM,Chimera Investment Corp,fintual;help
CINF,Cincinnati Financial Corp,fintual;help
CIVB,Civista Bancshares Inc,fintual
CL,Colgate-Palmolive Company,fintual;help
CLAR,Clarus Corp,fintual;help
CLB,Core Laboratories Inc,fintual;help
CLBK,Columbia Financial Inc,fintual;help
CLDX,Celldex Therapeutics Inc,fintual;help
CLF,Cleveland-Cliffs Inc,fintual;help
CLFD,Clearfield Inc,fintual;help
CLH,Clean Harbors Inc,fintual;help
CLMB,Climb Global Solutions Inc,fintual;help
CLMT,Calumet Inc,fintual;help
CLNE,Clean Energy Fuels Corp,fintual;help
CLPT,ClearPoint Neuro Inc,fintual;help
CLS,Celestica Inc,fintual;help
CLSK,Cleanspark Inc,fintual;help
CLVT,Clarivate PLC,fintual;help
CLW,Clearwater Paper Corp,fintual;help
CM,Canadian Imperial Bank of Commerce,fintual;help
CMG,Chipotle Mexican Grill,fintual;help
CMI,Cummins Inc,fintual;help
CMPR,Cimpress PLC,fintual;help
CMPX,Compass Therapeutics Inc,fintual;help
CMS,CMS Energy Corp,fintual;help
CMTG,Claros Mortgage Trust Inc,fintual;help
CMTL,Comtech Telecommunications Corp,fintual;help
CNA,CNA Financial Corp,fintual;help
CNC,Centene,fintual;help
CNDT,Conduent Inc,fintual;help
CNMD,CONMED Corp,fintual;help
CNNE,Cannae Holdings Inc,fintual;help
CNO,CNO Financial Group Inc,fintual;help
CNOB,ConnectOne Bancorp Inc,fintual;help
CNQ,Canadian Natural Resources Ltd,fintual;help
CNR,Core Natural Resources Inc,fintual;help
CNS,Cohen & Steers Inc,fintual;help
CNX,CNX Resources Corp,fintual;help
CNXC,Concentrix Corp,fintual;help
CNXN,PC Connection Inc,fintual;help
COF,Capital One Financial Corporation,fintual;help
COFS,ChoiceOne Financial Services Inc,fintual;help
COGT,Cogent Biosciences Inc,fintual;help
COHR,Coherent Corp,fintual;help
COHU,Cohu Inc,fintual;help
COKE,Coca-Cola Consolidated Inc,fintual;help
COLB,Columbia Banking System Inc,fintual;help
COLD,Americold Realty Trust Inc,fintual;help
COLL,Collegium Pharmaceutical Inc,fintual;help
CON,Concentra Group Holdings Parent Inc,fintual;help
COP,ConocoPhillips,fintual;help
COR,Cencora Inc,fintual;help
CORT,Corcept Therapeutics Inc,fintual;help
CORZ,Core Scientific Inc,fintual;help
COST,Costco Wholesale Corp,fintual;help
COUR,Coursera Inc,fintual;help
CP,Canadian Pacific Kansas City Ltd,fintual;help
CPAY,Corpay Inc,fintual;help
CPB,The Campbell's Company,fintual;help
CPK,Chesapeake Utilities Corp,fintual;help
CPRI,Capri Holdings Ltd,fintual;help
CPRT,Copart Inc,fintual;help
CPS,Cooper-Standard Holdings Inc,fintual;help
CPT,Camden Property Trust,fintual;help
CRAI,CRA International Inc,fintual;help
CRBG,Corebridge Financial Inc,fintual;help
CRBP,Corbus Pharmaceuticals Holdings Inc,fintual;help
CRBU,Caribou Biosciences Inc,fintual;help
CRC,California Resources Corp,fintual;help
CRDO,Credo Technology Group Holding Ltd,fintual;help
CRH,CRH PLC,fintual;help
CRI,Carter's Inc,fintual;help
CRK,Comstock Resources Inc,fintual;help
CRL,Charles River Laboratories International Inc,fintual;help
CRM,Salesforce Inc,fintual;help
CRMD,CorMedix Inc,fintual;help
CRNC,Cerence Inc,fintual;help
CROX,Crocs Inc,fintual;help
CRS,Carpenter Technology Corp,fintual;help
CRSP,CRISPR Therapeutics AG,fintual;help
CRSR,Corsair Gaming Inc,fintual;help
CRUS,Cirrus Logic Inc,fintual;help
CRVL,CorVel Corp,fintual;help
CRVO,CervoMed Inc,fintual;help
CRVS,Corvus Pharmaceuticals Inc,fintual;help
CSCO,Cisco Systems Inc,fintual;help
CSGP,CoStar Group Inc,fintual;help
CSIQ,Canadian Solar Inc,fintual;help
CSTL,Castle Biosciences Inc,fintual;help
CSV,Carriage Services Inc,fintual;help
CSW,CSW Industrials Inc,fintual;help
CSX,CSX Corp,fintual;help
CTAS,Cintas Corp,fintual;help
CTBI,Community Trust Bancorp Inc,fintual;help
CTKB,Cytek Biosciences Inc,fintual;help
CTMX,CytomX Therapeutics Inc,fintual;help
CTNM,Contineum Therapeutics Inc,fintual
CTO,CTO Realty Growth Inc,fintual;help
CTOS,Custom Truck One Source Inc,fintual;help
CTRE,CareTrust REIT Inc,fintual;help
CTRI,Centuri Holdings Inc,fintual;help
CTRN,Citi Trends Inc,fintual;help
CTS,CTS Corp,fintual;help
CTVA,Corteva Inc,fintual;help
CTXR,Citius Pharmaceuticals Inc,fintual;help
CUBE,CubeSmart,fintual;help
CUBI,Customers Bancorp Inc,fintual;help
CURB,Curbline Properties Corp,fintual;help
CURV,Torrid Holdings Inc,fintual;help
CUZ,Cousins Properties Inc,fintual;help
CVBF,CVB Financial Corp,fintual;help
CVCO,Cavco Industries Inc,fintual;help
CVE,Cenovus Energy Inc,fintual;help
CVI,CVR Energy Inc,fintual;help
CVLT,Commvault Systems Inc,fintual;help
CVM,CEL-SCI Corp,fintual;help
CVRX,CVRx Inc,fintual;help
CVS,CVS Health Corp,fintual;help
CVX,Chevron Corp,fintual;help
CW,Curtiss-Wright Corp,fintual;help
CWBC,Community West Bancshares,fintual
CWCO,Consolidated Water Co Ltd,fintual;help
CWK,Cushman & Wakefield PLC,fintual;help
CWT,California Water Service Group,fintual;help
CXDO,Crexendo Inc,fintual
CXT,Crane NXT Co,fintual;help
CXW,CoreCivic Inc,fintual;help
CYH,Community Health Systems Inc,fintual;help
CYRX,CryoPort Inc,fintual;help
CYTK,Cytokinetics Inc,fintual;help
CZR,Caesars Entertainment Inc,fintual;help
D,Dominion Energy Inc,fintual;help
DAKT,Daktronics Inc,fintual;help
DAL,Delta Air Lines Inc,fintual;help
DAN,Dana Inc,fintual;help
DAR,Darling Ingredients Inc,fintual;help
DASH,DoorDash Inc,fintual;help
DBD,Diebold Nixdorf Inc,fintual;help
DBRG,DigitalBridge Group Inc,fintual;help
DC,Dakota Gold Corp,fintual
DCGO,DocGo Inc,fintual;help
DCO,Ducommun Inc,fintual;help
DCTH,Delcath Systems Inc,fintual;help
DD,DuPont de Nemours Inc,fintual;help
DDD,3D Systems Corp,fintual;help
DDS,Dillard's Inc,fintual;help
DEA,Easterly Government Properties Inc,fintual;help
DECK,Deckers Outdoor Corp,fintual;help
DEI,Douglas Emmett Inc,fintual;help
DEO,Diageo PLC,fintual;help
DERM,Journey Medical Corp,fintual
DFIN,Donnelley Financial Solutions Inc,fintual;help
DG,Dollar General Corp,fintual;help
DGII,Digi International Inc,fintual;help
DGX,Quest Diagnostics Inc,fintual;help
DHR,Danaher Corp,fintual;help
DIN,Dine Brands Global Inc,fintual;help
DINO,HF Sinclair Corp,fintual;help
DIOD,Diodes Inc,fintual;help
DJT,Trump Media & Technology Group Corp,fintual;help
DK,Delek US Holdings Inc,fintual;help
DKS,Dick's Sporting Goods Inc,fintual;help
DLB,Dolby Laboratories Inc,fintual;help
DLR,Digital Realty Trust Inc,fintual;help
DLTR,Dollar Tree Inc,fintual;help
DLX,Deluxe Corp,fintual;help
DMAC,DiaMedica Therapeutics Inc,fintual;help
DMRC,Digimarc Corp,fintual;help
DNLI,Denali Therapeutics Inc,fintual;help
DNOW,DNOW Inc,fintual;help
DNTH,Dianthus Therapeutics Inc,fintual;help
DNUT,Krispy Kreme Inc,fintual;help
DOC,Healthpeak Properties Inc,fintual;help
DOCN,DigitalOcean Holdings Inc,fintual;help
DOCU,DocuSign Inc,fintual;help
DOLE,Dole PLC,fintual;help
DORM,Dorman Products Inc,fintual;help
DOUG,Douglas Elliman Inc,fintual;help
DOV,Dover Corp,fintual;help
DOW,Dow Inc,fintual;help
DPZ,Domino's Pizza Inc,fintual;help
DRI,Darden Restaurants Inc,fintual;help
DRS,Leonardo DRS Inc,fintual;help
DRVN,Driven Brands Holdings Inc,fintual;help
DSGN,Design Therapeutics Inc,fintual;help
DSGR,Distribution Solutions Group Inc,fintual;help
DSP,Viant Technology Inc,fintual;help
DT,Dynatrace Inc,fintual;help
DTM,DT Midstream Inc,fintual;help
DUOT,Duos Technologies Group Inc,fintual
DV,DoubleVerify Holdings Inc,fintual;help
DVA,DaVita Inc,fintual;help
DVN,Devon Energy Corp,fintual;help
DX,Dynex Capital Inc,fintual;help
DXCM,Dexcom Inc,fintual;help
DY,Dycom Industries Inc,fintual;help
DYN,Dyne Therapeutics Inc,fintual;help
EAF,GrafTech International Ltd,fintual;help
EAT,Brinker International Inc,fintual;help
EBAY,eBay Inc,fintual;help
EBC,Eastern Bankshares Inc,fintual;help
EBF,Ennis Inc,fintual;help
EBS,Emergent BioSolutions Inc,fintual;help
ECG,Everus Construction Group Inc,fintual;help
ECHO,EchoStar Corp,fintual;help
ECL,Ecolab Inc,fintual;help
ECPG,Encore Capital Group Inc,fintual;help
ECVT,Ecovyst Inc,fintual;help
ED,Consolidated Edison Inc,fintual;help
EDIT,Editas Medicine Inc,fintual;help
EEFT,Euronet Worldwide Inc,fintual;help
EFC,Ellington Financial Inc,fintual;help
EFSC,Enterprise Financial Services Corp,fintual;help
EFX,Equifax Inc,fintual;help
EG,Everest Group Ltd,fintual;help
EGAN,eGain Corp,fintual
EGBN,Eagle Bancorp Inc,fintual;help
EGHT,8x8 Inc,fintual;help
EGP,EastGroup Properties Inc,fintual;help
EGY,VAALCO Energy Inc,fintual;help
EHC,Encompass Health Corp,fintual;help
EHTH,eHealth Inc,fintual;help
EIG,Employers Holdings Inc,fintual;help
EIX,Edison International,fintual;help
ELAN,Elanco Animal Health Inc,fintual;help
ELMD,Electromed Inc,fintual
ELME,Elme Communities,fintual;help
ELS,Equity LifeStyle Properties Inc,fintual;help
ELV,Elevance Health Inc,fintual;help
ELVN,Enliven Therapeutics Inc,fintual;help
EMA,Emera Inc,fintual
EMBC,Embecta Corp,fintual;help
EME,EMCOR Group Inc,fintual;help
ENB,Enbridge Inc,fintual;help
ENOV,Enovis Corp,fintual;help
ENPH,Enphase Energy Inc,fintual;help
ENR,Energizer Holdings Inc,fintual;help
ENS,EnerSys,fintual;help
ENTA,Enanta Pharmaceuticals Inc,fintual;help
ENTG,Entegris Inc,fintual;help
ENVA,Enova International Inc,fintual;help
ENVX,Enovix Corp,fintual;help
EOG,EOG Resources Inc,fintual;help
EOLS,Evolus Inc,fintual;help
EOSE,Eos Energy Enterprises Inc,fintual;help
EPAC,Enerpac Tool Group Corp,fintual;help
EPAM,EPAM Systems Inc,fintual;help
EPM,Evolution Petroleum Corp,fintual;help
EPR,EPR Properties,fintual;help
EPRT,Essential Properties Realty Trust Inc,fintual;help
EQH,Equitable Holdings Inc,fintual;help
EQIX,Equinix Inc,fintual;help
EQNR,Equinor ASA,fintual;help
EQT,EQT Corp,fintual;help
ERAS,Erasca Inc,fintual;help
ERII,Energy Recovery Inc,fintual;help
ESAB,Esab Corp,fintual;help
ESE,ESCO Technologies Inc,fintual;help
ESI,Element Solutions Inc,fintual;help
ESLT,Elbit Systems Ltd,fintual;help
ESNT,Essent Group Ltd,fintual;help
ESQ,Esquire Financial Holdings Inc,fintual;help
ESS,Essex Property Trust Inc,fintual;help
ETD,Ethan Allen Interiors Inc,fintual;help
ETN,Eaton Corp PLC,fintual;help
ETON,Eton Pharmaceuticals Inc,fintual;help
ETR,Entergy Corp,fintual;help
ETSY,Etsy Inc,fintual;help
EVCM,EverCommerce Inc,fintual;help
EVEX,Eve Holding Inc,fintual;help
EVGO,EVgo Inc,fintual;help
EVRG,Evergy Inc,fintual;help
EVTC,EVERTEC Inc,fintual;help
EW,Edwards Lifesciences Corp,fintual;help
EWBC,East West Bancorp Inc,fintual;help
EWTX,Edgewise Therapeutics Inc,fintual;help
EXC,Exelon Corp,fintual;help
EXE,Expand Energy Corp,fintual;help
EXEL,Exelixis Inc,fintual;help
EXLS,ExlService Holdings Inc,fintual;help
EXP,Eagle Materials Inc,fintual;help
EXPD,Expeditors International of Washington Inc,fintual;help
EXPE,Expedia Group Inc,fintual;help
EXPO,Exponent Inc,fintual;help
EXR,Extra Space Storage Inc,fintual;help
EXTR,Extreme Networks Inc,fintual;help
EYE,National Vision Holdings Inc,fintual;help
FA,First Advantage Corp,fintual;help
FANG,Diamondback Energy Inc,fintual;help
FATE,Fate Therapeutics Inc,fintual;help
FBIN,Fortune Brands Innovations Inc,fintual;help
FBIO,Fortress Biotech Inc,fintual
FBIZ,First Business Financial Services Inc,fintual;help
FBK,FB Financial Corp,fintual;help
FBLA,FB Bancorp Inc,fintual
FBRT,Franklin BSP Realty Trust Inc,fintual;help
FCBC,First Community Bankshares Inc,fintual;help
FCEL,FuelCell Energy Inc,fintual;help
FCF,First Commonwealth Financial Corp,fintual;help
FCFS,FirstCash Holdings Inc,fintual;help
FCN,FTI Consulting Inc,fintual;help
FCPT,Four Corners Property Trust Inc,fintual;help
FCX,Freeport-McMoRan Inc,fintual;help
FDMT,4D Molecular Therapeutics Inc,fintual;help
FDS,FactSet Research Systems Inc,fintual;help
FDX,FedEx Corp,fintual;help
FE,FirstEnergy Corp,fintual;help
FEIM,Frequency Electronics Inc,fintual
FELE,Franklin Electric Co Inc,fintual;help
FEMY,Femasys Inc,fintual
FERG,Ferguson Enterprises Inc,fintual;help
FET,Forum Energy Technologies Inc,fintual;help
FFBC,First Financial Bancorp,fintual;help
FFIN,First Financial Bankshares Inc,fintual;help
FFIV,F5 Inc,fintual;help
FG,F&G Annuities & Life Inc,fintual;help
FHB,First Hawaiian Inc,fintual;help
FHI,Federated Hermes Inc,fintual;help
FHN,First Horizon Corp,fintual;help
FIBK,First Interstate BancSystem Inc,fintual;help
FICO,Fair Isaac Corp,fintual;help
FIP,FTAI Infrastructure Inc,fintual;help
FIS,Fidelity National Information Services Inc,fintual;help
FISI,Financial Institutions Inc,fintual;help
FISV,Fiserv Inc,fintual;help
FITB,Fifth Third Bancorp,fintual;help
FIVE,Five Below Inc,fintual;help
FIVN,Five9 Inc,fintual;help
FIX,Comfort Systems USA Inc,fintual;help
FIZZ,National Beverage Corp,fintual;help
FLEX,Flex Ltd,fintual
FLGT,Fulgent Genetics Inc,fintual;help
FLNA,"Filana Therapeutics, Inc. Common Stock",fintual
FLO,Flowers Foods Inc,fintual;help
FLR,Fluor Corp,fintual;help
FLS,Flowserve Corp,fintual;help
FLUT,Flutter Entertainment PLC,fintual;help
FLXS,Flexsteel Industries Inc,fintual
FLY,Firefly Aerospace Inc,fintual
FMBH,First Mid Bancshares Inc,fintual;help
FMC,FMC Corp,fintual;help
FMNB,Farmers National Banc Corp,fintual;help
FN,Fabrinet,fintual;help
FND,Floor & Decor Holdings Inc,fintual;help
FNF,Fidelity National Financial Inc,fintual;help
FNV,Franco-Nevada Corp,fintual;help
FOR,Forestar Group Inc,fintual;help
FORM,FormFactor Inc,fintual;help
FORR,Forrester Research Inc,fintual;help
FOSL,Fossil Group Inc,fintual;help
FOXF,Fox Factory Holding Corp,fintual;help
FPI,Farmland Partners Inc,fintual;help
FR,First Industrial Realty Trust Inc,fintual;help
FRME,First Merchants Corp,fintual;help
FRMI,Fermi Inc,fintual
FROG,JFrog Ltd,fintual;help
FRPH,FRP Holdings Inc,fintual;help
FRPT,Freshpet Inc,fintual;help
FRT,Federal Realty Investment Trust,fintual;help
FSBC,Five Star Bancorp,fintual;help
FSLR,First Solar Inc,fintual;help
FSS,Federal Signal Corp,fintual;help
FSUN,Firstsun Capital Bancorp,fintual;help
FSV,FirstService Corp,fintual;help
FTAI,FTAI Aviation Ltd,fintual;help
FTDR,Frontdoor Inc,fintual;help
FTI,TechnipFMC PLC,fintual;help
FTK,Flotek Industries Inc,fintual
FTNT,Fortinet Inc,fintual;help
FTRE,Fortrea Holdings Inc,fintual;help
FTV,Fortive Corp,fintual;help
FULC,Fulcrum Therapeutics Inc,fintual;help
FULT,Fulton Financial Corp,fintual;help
FUTU,Futu Holdings Ltd,fintual;help
FVR,FrontView REIT Inc,fintual
FWRD,Forward Air Corp,fintual;help
FWRG,First Watch Restaurant Group Inc,fintual;help
G,Genpact Ltd,fintual;help
GABC,German American Bancorp Inc,fintual;help
GAP,Gap Inc/The,fintual;help
GATX,GATX Corp,fintual;help
GBCI,Glacier Bancorp Inc,fintual;help
GBFH,GBank Financial Holdings Inc,fintual
GCO,Genesco Inc,fintual;help
GD,General Dynamics Corp,fintual;help
GDS,GDS Holdings Ltd,fintual;help
GEHC,GE HealthCare Technologies Inc,fintual;help
GEN,Gen Digital Inc,fintual;help
GEOS,Geospace Technologies Corp,fintual;help
GERN,Geron Corp,fintual;help
GEV,GE Vernova Inc,fintual;help
GEVO,Gevo Inc,fintual;help
GFF,Griffon Corp,fintual;help
GFI,Gold Fields Ltd,fintual;help
GFS,GLOBALFOUNDRIES Inc,fintual;help
GGG,Graco Inc,fintual;help
GH,Guardant Health Inc,fintual;help
GHM,Graham Corp,fintual;help
GIII,G-III Apparel Group Ltd,fintual;help
GILD,Gilead Sciences Inc,fintual;help
GIS,General Mills Inc,fintual;help
GKOS,Glaukos Corp,fintual;help
GL,Globe Life Inc,fintual;help
GLBE,Global-e Online Ltd,fintual;help
GLPI,Gaming and Leisure Properties Inc,fintual;help
GLUE,Monte Rosa Therapeutics Inc,fintual;help
GLW,Corning Inc,fintual;help
GMAB,Genmab A/S,fintual;help
GME,GameStop Corp,fintual;help
GNL,Global Net Lease Inc,fintual;help
GNTX,Gentex Corp,fintual;help
GNW,Genworth Financial Inc,fintual;help
GO,Grocery Outlet Holding Corp,fintual;help
GOGO,Gogo Inc,fintual;help
GOLF,Acushnet Holdings Corp,fintual;help
GPI,Group 1 Automotive Inc,fintual;help
GPMT,Granite Point Mortgage Trust Inc,fintual;help
GPN,Global Payments Inc,fintual;help
GPOR,Gulfport Energy Corp,fintual;help
GPRE,Green Plains Inc,fintual;help
GRAL,GRAIL Inc,fintual;help
GRBK,Green Brick Partners Inc,fintual;help
GRND,Grindr Inc,fintual;help
GRNT,Granite Ridge Resources Inc,fintual;help
GRPN,Groupon Inc,fintual;help
GRWG,GrowGeneration Corp,fintual;help
GS,Goldman Sachs Group Inc/The,fintual;help
GSAT,Globalstar Inc,fintual;help
GSBC,Great Southern Bancorp Inc,fintual;help
GSIT,GSI Technology Inc,fintual;help
GTBP,GT Biopharma Inc,fintual;help
GTES,Gates Industrial Corp PLC,fintual;help
GTM,ZoomInfo Technologies Inc,fintual;help
GTY,Getty Realty Corp,fintual;help
GVA,Granite Construction Inc,fintual;help
GWH,ESS Tech Inc,fintual
GWRE,Guidewire Software Inc,fintual;help
GXO,GXO Logistics Inc,fintual;help
GYRE,Gyre Therapeutics Inc,fintual;help
HAE,Haemonetics Corp,fintual;help
HAFC,Hanmi Financial Corp,fintual;help
HALO,Halozyme Therapeutics Inc,fintual;help
HAS,Hasbro Inc,fintual;help
HASI,HA Sustainable Infrastructure Capital Inc,fintual;help
HAYW,Hayward Holdings Inc,fintual;help
HBCP,Home Bancorp Inc,fintual
HBIO,Harvard Bioscience Inc,fintual;help
HCA,HCA Healthcare Inc,fintual;help
HCAT,Health Catalyst Inc,fintual;help
HCC,Warrior Met Coal Inc,fintual;help
HCI,HCI Group Inc,fintual;help
HCM,HUTCHMED China Ltd,fintual;help
HCSG,Healthcare Services Group Inc,fintual;help
HD,Home Depot Inc/The,fintual;help
HDSN,Hudson Technologies Inc,fintual;help
HE,Hawaiian Electric Industries Inc,fintual;help
HELE,Helen of Troy Ltd,fintual;help
HGV,Hilton Grand Vacations Inc,fintual;help
HHH,Howard Hughes Holdings Inc,fintual;help
HIFS,Hingham Institution For Savings The,fintual;help
HII,Huntington Ingalls Industries Inc,fintual;help
HIPO,Hippo Holdings Inc,fintual;help
HIW,Highwoods Properties Inc,fintual;help
HLF,Herbalife Ltd,fintual;help
HLIO,Helios Technologies Inc,fintual;help
HLIT,Harmonic Inc,fintual;help
HLLY,Holley Inc,fintual;help
HLMN,Hillman Solutions Corp,fintual;help
HLT,Hilton Worldwide Holdings Inc,fintual;help
HMN,Horace Mann Educators Corp,fintual;help
HNI,HNI Corp,fintual;help
HOG,Harley-Davidson Inc,fintual;help
HON,Honeywell International Inc,fintual;help
HOPE,Hope Bancorp Inc,fintual;help
HOWL,Werewolf Therapeutics Inc,fintual;help
HP,Helmerich & Payne Inc,fintual;help
HPK,HighPeak Energy Inc,fintual;help
HPP,Hudson Pacific Properties Inc,fintual;help
HPQ,HP Inc,fintual;help
HQY,HealthEquity Inc,fintual;help
HR,Healthcare Realty Trust Inc,fintual;help
HRB,H&R Block Inc,fintual;help
HRI,Herc Holdings Inc,fintual;help
HRL,Hormel Foods Corp,fintual;help
HRMY,Harmony Biosciences Holdings Inc,fintual;help
HROW,Harrow Inc,fintual;help
HRTG,Heritage Insurance Holdings Inc,fintual;help
HRTX,Heron Therapeutics Inc,fintual;help
HSBC,HSBC Holdings PLC,fintual;help
HSIC,Henry Schein Inc,fintual;help
HST,Host Hotels & Resorts Inc,fintual;help
HSTM,HealthStream Inc,fintual;help
HTB,HomeTrust Bancshares Inc,fintual;help
HTFL,HeartFlow Inc,fintual
HTH,Hilltop Holdings Inc,fintual;help
HTHT,H World Group Ltd,fintual;help
HTLD,Heartland Express Inc,fintual;help
HTO,H2O America,fintual;help
HTZ,Hertz Global Holdings Inc,fintual;help
HUBB,Hubbell Inc,fintual;help
HUBS,HubSpot Inc,fintual;help
HUM,Humana Inc,fintual;help
HUMA,Humacyte Inc,fintual;help
HUN,Huntsman Corp,fintual;help
HURN,Huron Consulting Group Inc,fintual;help
HUT,Hut 8 Corp,fintual;help
HWC,Hancock Whitney Corp,fintual;help
HWKN,Hawkins Inc,fintual;help
HWM,Howmet Aerospace Inc,fintual;help
HXL,Hexcel Corp,fintual;help
IA,Innovative Solutions and Support Inc,fintual
IAG,IAMGOLD Corp,fintual;help
IART,Integra LifeSciences Holdings Corp,fintual;help
IBIO,iBio Inc,fintual;help
IBM,International Business Machines Corp,fintual;help
IBOC,International Bancshares Corp,fintual;help
IBP,Installed Building Products Inc,fintual;help
IBRX,ImmunityBio Inc,fintual;help
ICE,Intercontinental Exchange Inc,fintual;help
ICFI,ICF International Inc,fintual;help
ICHR,Ichor Holdings Ltd,fintual;help
ICL,ICL Group Ltd,fintual;help
ICUI,ICU Medical Inc,fintual;help
IDA,IDACORP Inc,fintual;help
IDCC,InterDigital Inc,fintual;help
IDR,Idaho Strategic Resources Inc,fintual
IDXX,IDEXX Laboratories Inc,fintual;help
IDYA,Ideaya Biosciences Inc,fintual;help
IESC,IES Holdings Inc,fintual;help
IEX,IDEX Corp,fintual;help
IFF,International Flavors & Fragrances Inc,fintual;help
IIIN,Insteel Industries Inc,fintual;help
IIIV,I3 Verticals Inc,fintual;help
IIPR,Innovative Industrial Properties Inc,fintual;help
ILMN,Illumina Inc,fintual;help
IMMR,Immersion Corp,fintual;help
IMMX,Immix Biopharma Inc,fintual
IMNM,Immunome Inc,fintual;help
IMO,Imperial Oil Ltd,fintual;help
IMVT,Immunovant Inc,fintual;help
IMXI,International Money Express Inc,fintual;help
INBK,First Internet Bancorp,fintual;help
INBX,Inhibrx Biosciences Inc,fintual;help
INCY,Incyte Corp,fintual;help
INDP,Indaptus Therapeutics Inc,fintual;help
INFY,Infosys Ltd,fintual;help
INGM,Ingram Micro Holding Corp,fintual;help
INGN,Inogen Inc,fintual;help
INGR,Ingredion Inc,fintual;help
INMD,Inmode Ltd,fintual;help
INN,Summit Hotel Properties Inc,fintual;help
INO,Inovio Pharmaceuticals Inc,fintual;help
INOD,Innodata Inc,fintual;help
INSG,Inseego Corp,fintual;help
INSM,Insmed Inc,fintual;help
INSP,Inspire Medical Systems Inc,fintual;help
INSW,International Seaways Inc,fintual;help
INTA,Intapp Inc,fintual;help
INTC,Intel Corp,fintual;help
INTU,Intuit Inc,fintual;help
INV,Innventure Inc,fintual
INVA,Innoviva Inc,fintual;help
INVH,Invitation Homes Inc,fintual;help
INVX,Innovex International Inc,fintual;help
IONQ,IonQ Inc,fintual;help
IONS,Ionis Pharmaceuticals Inc,fintual;help
IOSP,Innospec Inc,fintual;help
IOVA,Iovance Biotherapeutics Inc,fintual;help
IPAR,Interparfums Inc,fintual;help
IPGP,IPG Photonics Corp,fintual;help
IPI,Intrepid Potash Inc,fintual;help
IQ,iQIYI Inc,fintual;help
IQV,IQVIA Holdings Inc,fintual;help
IR,Ingersoll Rand Inc,fintual;help
IRDM,Iridium Communications Inc,fintual;help
IRMD,iRadimed Corp,fintual;help
IRON,Disc Medicine Inc,fintual;help
IRT,Independence Realty Trust Inc,fintual;help
ISRG,Intuitive Surgical Inc,fintual;help
IT,Gartner Inc,fintual;help
ITGR,Integer Holdings Corp,fintual;help
ITRI,Itron Inc,fintual;help
ITT,ITT Inc,fintual;help
ITW,Illinois Tool Works Inc,fintual;help
IVR,Invesco Mortgage Capital Inc,fintual;help
IVT,InvenTrust Properties Corp,fintual
IVZ,Invesco Ltd,fintual;help
J,Jacobs Solutions Inc,fintual;help
JACK,Jack in the Box Inc,fintual;help
JAKK,JAKKS Pacific Inc,fintual;help
JANX,Janux Therapeutics Inc,fintual;help
JAZZ,Jazz Pharmaceuticals PLC,fintual;help
JBGS,JBG SMITH Properties,fintual;help
JBI,Janus International Group Inc,fintual;help
JBIO,Jade Biosciences Inc,fintual;help
JBL,Jabil Inc,fintual;help
JBLU,JetBlue Airways Corp,fintual;help
JBSS,John B Sanfilippo & Son Inc,fintual;help
JBTM,JBT Marel Corp,fintual;help
JCAP,Jefferson Capital Inc,fintual
JCI,Johnson Controls International plc,fintual;help
JD,JD.com Inc,fintual;help
JEF,Jefferies Financial Group Inc,fintual;help
JELD,JELD-WEN Holding Inc,fintual;help
JHX,James Hardie Industries PLC,fintual;help
JILL,J Jill Inc,fintual;help
JJSF,J & J Snack Foods Corp,fintual;help
JKHY,Jack Henry & Associates Inc,fintual;help
JLL,Jones Lang LaSalle Inc,fintual;help
JNJ,Johnson & Johnson,fintual;help
JOBY,Joby Aviation Inc,fintual;help
JOYY,JOYY Inc,fintual;help
JRVR,James River Group Holdings Ltd,fintual;help
KAI,Kadant Inc,fintual;help
KALA,KALA BIO Inc,fintual
KALU,Kaiser Aluminum Corp,fintual;help
KBH,KB Home,fintual;help
KBR,KBR Inc,fintual;help
KC,Kingsoft Cloud Holdings Ltd,fintual;help
KD,Kyndryl Holdings Inc,fintual;help
KDP,Keurig Dr Pepper Inc,fintual;help
KE,Kimball Electronics Inc,fintual;help
KEX,Kirby Corp,fintual;help
KEY,KeyCorp,fintual;help
KEYS,Keysight Technologies Inc,fintual;help
KFRC,Kforce Inc,fintual;help
KFY,Korn Ferry,fintual;help
KGS,Kodiak Gas Services Inc,fintual;help
KIDS,OrthoPediatrics Corp,fintual;help
KKR,KKR & Co Inc,fintual;help
KLAC,KLA Corp,fintual;help
KMB,Kimberly-Clark Corp,fintual;help
KMI,Kinder Morgan Inc,fintual;help
KMPR,Kemper Corp,fintual;help
KMT,Kennametal Inc,fintual;help
KMTS,Kestra Medical Technologies Ltd,fintual
KMX,CarMax Inc,fintual;help
KN,Knowles Corp,fintual;help
KNSL,Kinsale Capital Group Inc,fintual;help
KNX,Knight-Swift Transportation Holdings Inc,fintual;help
KOD,Kodiak Sciences Inc,fintual;help
KOP,Koppers Holdings Inc,fintual;help
KOPN,Kopin Corp,fintual;help
KOSS,Koss Corp,fintual;help
KPTI,Karyopharm Therapeutics Inc,fintual;help
KRC,Kilroy Realty Corp,fintual;help
KREF,KKR Real Estate Finance Trust Inc,fintual;help
KRG,Kite Realty Group Trust,fintual;help
KRMN,Karman Holdings Inc,fintual
KRNT,Kornit Digital Ltd,fintual;help
KRO,Kronos Worldwide Inc,fintual;help
KROS,Keros Therapeutics Inc,fintual;help
KRRO,Korro Bio Inc,fintual;help
KRT,Karat Packaging Inc,fintual;help
KRYS,Krystal Biotech Inc,fintual;help
KSS,Kohl's Corp,fintual;help
KTB,Kontoor Brands Inc,fintual;help
KTOS,Kratos Defense & Security Solutions Inc,fintual;help
KURA,Kura Oncology Inc,fintual;help
KVUE,Kenvue Inc,fintual;help
KYMR,Kymera Therapeutics Inc,fintual;help
KYTX,Kyverna Therapeutics Inc,fintual
L,Loews Corp,fintual;help
LAD,Lithia Motors Inc,fintual;help
LAKE,Lakeland Industries Inc,fintual;help
LAND,Gladstone Land Corp,fintual;help
LASR,nLight Inc,fintual;help
LAUR,Laureate Education Inc,fintual;help
LAW,CS Disco Inc,fintual
LAZ,Lazard Inc,fintual;help
LBRX,LB Pharmaceuticals Inc,fintual
LCID,Lucid Group Inc,fintual;help
LCII,LCI Industries,fintual;help
LDOS,Leidos Holdings Inc,fintual;help
LE,Lands' End Inc,fintual;help
LEA,Lear Corp,fintual;help
LECO,Lincoln Electric Holdings Inc,fintual;help
LEGH,Legacy Housing Corp,fintual;help
LEGN,Legend Biotech Corp,fintual;help
LENZ,LENZ Therapeutics Inc,fintual;help
LESL,Leslie's Inc,fintual;help
LFCR,Lifecore Biomedical Inc,fintual;help
LFMD,LifeMD Inc,fintual;help
LFST,LifeStance Health Group Inc,fintual;help
LFUS,Littelfuse Inc,fintual;help
LFVN,Lifevantage Corp,fintual;help
LGIH,LGI Homes Inc,fintual;help
LGND,Ligand Pharmaceuticals Inc,fintual;help
LH,Labcorp Holdings Inc,fintual;help
LHX,L3Harris Technologies Inc,fintual;help
LI,Li Auto Inc,fintual;help
LIF,Life360 Inc,fintual;help
LII,Lennox International Inc,fintual;help
LIN,Linde PLC,fintual;help
LINC,Lincoln Educational Services Corp,fintual;help
LIND,Lindblad Expeditions Holdings Inc,fintual;help
LINE,Lineage Inc,fintual;help
LION,Lionsgate Studios Corp,fintual;help
LITE,Lumentum Holdings Inc,fintual;help
LKFN,Lakeland Financial Corp,fintual;help
LKQ,LKQ Corp,fintual;help
LMAT,LeMaitre Vascular Inc,fintual;help
LMB,Limbach Holdings Inc,fintual;help
LMND,Lemonade Inc,fintual;help
LMNR,Limoneira Co,fintual;help
LMRI,Lumexa Imaging Holdings Inc,fintual
LMT,Lockheed Martin Corp,fintual;help
LNC,Lincoln National Corp,fintual;help
LNG,Cheniere Energy Inc,fintual;help
LNN,Lindsay Corp,fintual;help
LNSR,LENSAR Inc,fintual
LNT,Alliant Energy Corp,fintual;help
LNTH,Lantheus Holdings Inc,fintual;help
LOAR,Loar Holdings Inc,fintual;help
LOB,Live Oak Bancshares Inc,fintual;help
LOCO,El Pollo Loco Holdings Inc,fintual;help
LOPE,Grand Canyon Education Inc,fintual;help
LPLA,LPL Financial Holdings Inc,fintual;help
LPX,Louisiana-Pacific Corp,fintual;help
LQDA,Liquidia Corp,fintual;help
LQDT,Liquidity Services Inc,fintual;help
LRCX,Lam Research Corp,fintual;help
LRMR,Larimar Therapeutics Inc,fintual
LRN,Stride Inc,fintual;help
LSCC,Lattice Semiconductor Corp,fintual;help
LSTR,Landstar System Inc,fintual;help
LTBR,Lightbridge Corp,fintual
LTC,LTC Properties Inc,fintual;help
LTH,Life Time Group Holdings Inc,fintual;help
LTRX,Lantronix Inc,fintual
LULU,Lululemon Athletica Inc,fintual;help
LUMN,Lumen Technologies Inc,fintual;help
LUNG,Pulmonx Corp,fintual;help
LVLU,Lulu's Fashion Lounge Holdings Inc,fintual
LVS,Las Vegas Sands Corp,fintual;help
LW,Lamb Weston Holdings Inc,fintual;help
LWAY,Lifeway Foods Inc,fintual;help
LWLG,Lightwave Logic Inc,fintual;help
LXEO,Lexeo Therapeutics Inc,fintual
LXFR,Luxfer Holdings PLC,fintual;help
LXRX,Lexicon Pharmaceuticals Inc,fintual;help
LXU,LSB Industries Inc,fintual;help
LYEL,Lyell Immunopharma Inc,fintual;help
LYTS,LSI Industries Inc,fintual;help
LYV,Live Nation Entertainment Inc,fintual;help
LZ,Legalzoom.com Inc,fintual;help
LZB,La-Z-Boy Inc,fintual;help
M,Macy's Inc,fintual;help
MA,Mastercard Inc,fintual;help
MAA,Mid-America Apartment Communities Inc,fintual;help
MAGN,Magnera Corp,fintual;help
MAMA,Mama's Creations Inc,fintual;help
MAN,ManpowerGroup Inc,fintual;help
MANH,Manhattan Associates Inc,fintual;help
MARA,MARA Holdings Inc,fintual;help
MAS,Masco Corp,fintual;help
MASS,908 Devices Inc,fintual;help
MAT,Mattel Inc,fintual;help
MATV,Mativ Holdings Inc,fintual;help
MATX,Matson Inc,fintual;help
MAZE,Maze Therapeutics Inc,fintual
MBC,Masterbrand Inc,fintual;help
MBI,MBIA Inc,fintual;help
MBUU,Malibu Boats Inc,fintual;help
MBWM,Mercantile Bank Corp,fintual;help
MBX,MBX Biosciences Inc,fintual;help
MCB,Metropolitan Bank Holding Corp,fintual;help
MCBS,Metrocity Bankshares Inc,fintual;help
MCD,McDonald's Corp,fintual;help
MCFT,MasterCraft Boat Holdings Inc,fintual;help
MCHP,Microchip Technology Inc,fintual;help
MCK,McKesson Corp,fintual;help
MCO,Moody's Corp,fintual;help
MCRI,Monarch Casino & Resort Inc,fintual;help
MCS,Marcus Corp/The,fintual;help
MCY,Mercury General Corp,fintual;help
MD,Pediatrix Medical Group Inc,fintual;help
MDGL,Madrigal Pharmaceuticals Inc,fintual;help
MDT,Medtronic PLC,fintual;help
MDXG,MiMedx Group Inc,fintual;help
MED,Medifast Inc,fintual;help
MEDP,Medpace Holdings Inc,fintual;help
MEI,Methode Electronics Inc,fintual;help
MELI,MercadoLibre Inc,fintual;help
MET,MetLife Inc,fintual;help
MFA,MFA Financial Inc,fintual;help
MFC,Manulife Financial Corp,fintual;help
MG,Mistras Group Inc,fintual;help
MGEE,MGE Energy Inc,fintual;help
MGM,MGM Resorts International,fintual;help
MGNI,Magnite Inc,fintual;help
MGNX,MacroGenics Inc,fintual;help
MGPI,MGP Ingredients Inc,fintual;help
MGRC,McGrath RentCorp,fintual;help
MH,McGraw Hill Inc,fintual
MHK,Mohawk Industries Inc,fintual;help
MHO,M/I Homes Inc,fintual;help
MIAX,Miami International Holdings Inc,fintual
MIND,MIND Technology Inc,fintual
MIRM,Mirum Pharmaceuticals Inc,fintual;help
MITK,Mitek Systems Inc,fintual;help
MKL,Markel Group Inc,fintual;help
MKSI,MKS Inc,fintual;help
MKTX,MarketAxess Holdings Inc,fintual;help
MLAB,Mesa Laboratories Inc,fintual;help
MLCO,Melco Resorts & Entertainment Ltd,fintual;help
MLI,Mueller Industries Inc,fintual;help
MLKN,MillerKnoll Inc,fintual;help
MLM,Martin Marietta Materials Inc,fintual;help
MLYS,Mineralys Therapeutics Inc,fintual;help
MMI,Marcus & Millichap Inc,fintual;help
MMS,Maximus Inc,fintual;help
MMSI,Merit Medical Systems Inc,fintual;help
MNDY,Monday.com Ltd,fintual;help
MNKD,MannKind Corp,fintual;help
MNPR,Monopar Therapeutics Inc,fintual
MNRO,Monro Inc,fintual;help
MNST,Monster Beverage Corp,fintual;help
MNTK,Montauk Renewables Inc,fintual;help
MO,Altria Group Inc,fintual;help
MOH,Molina Healthcare Inc,fintual;help
MOMO,Hello Group Inc,fintual;help
MORN,Morningstar Inc,fintual;help
MOV,Movado Group Inc,fintual;help
MP,MP Materials Corp,fintual;help
MPAA,Motorcar Parts of America Inc,fintual;help
MPB,Mid Penn Bancorp Inc,fintual;help
MPC,Marathon Petroleum Corp,fintual;help
MPT,Medical Properties Trust Inc,fintual;help
MPTI,M-Tron Industries Inc,fintual
MPWR,Monolithic Power Systems Inc,fintual;help
MRAM,Everspin Technologies Inc,fintual
MRCY,Mercury Systems Inc,fintual;help
MRNA,Moderna Inc,fintual;help
MRTN,Marten Transport Ltd,fintual;help
MRVL,Marvell Technology Inc,fintual;help
MS,Morgan Stanley,fintual;help
MSA,MSA Safety Inc,fintual;help
MSBI,Midland States Bancorp Inc,fintual;help
MSCI,MSCI Inc,fintual;help
MSFT,Microsoft Corp,fintual;help
MSI,Motorola Solutions Inc,fintual;help
MTB,M&T Bank Corp,fintual;help
MTCH,Match Group Inc,fintual;help
MTD,Mettler-Toledo International Inc,fintual;help
MTG,MGIC Investment Corp,fintual;help
MTH,Meritage Homes Corp,fintual;help
MTN,Vail Resorts Inc,fintual;help
MTRN,Materion Corp,fintual;help
MTSI,MACOM Technology Solutions Holdings Inc,fintual;help
MTUS,Metallus Inc,fintual;help
MTX,Minerals Technologies Inc,fintual;help
MTZ,MasTec Inc,fintual;help
MU,Micron Technology Inc,fintual;help
MUR,Murphy Oil Corp,fintual;help
MUSA,Murphy USA Inc,fintual;help
MVBF,MVB Financial Corp,fintual
MVIS,MicroVision Inc,fintual;help
MWA,Mueller Water Products Inc,fintual;help
MXCT,MaxCyte Inc,fintual;help
MXL,MaxLinear Inc,fintual;help
MYE,Myers Industries Inc,fintual;help
MYGN,Myriad Genetics Inc,fintual;help
MYRG,MYR Group Inc,fintual;help
NAGE,Niagen Bioscience Inc,fintual;help
NATH,Nathan's Famous Inc,fintual
NATL,NCR Atleos Corp,fintual;help
NAVI,Navient Corp,fintual;help
NBBK,NB Bancorp Inc,fintual;help
NBHC,National Bank Holdings Corp,fintual;help
NBIX,Neurocrine Biosciences Inc,fintual;help
NBN,Northeast Bank,fintual;help
NBP,NovaBridge Biosciences,fintual
NBR,Nabors Industries Ltd,fintual;help
NBTB,NBT Bancorp Inc,fintual;help
NCLH,Norwegian Cruise Line Holdings Ltd,fintual;help
NCMI,National CineMedia Inc,fintual;help
NCNO,nCino Inc,fintual;help
NDAQ,Nasdaq Inc,fintual;help
NDSN,Nordson Corp,fintual;help
NECB,Northeast Community Bancorp Inc,fintual;help
NEE,NextEra Energy Inc,fintual;help
NEM,Newmont Corp,fintual;help
NEO,NeoGenomics Inc,fintual;help
NEOG,Neogen Corp,fintual;help
NEU,NewMarket Corp,fintual;help
NEWT,NewtekOne Inc,fintual;help
NEXT,NextDecade Corp,fintual;help
NFLX,Netflix Inc,fintual;help
NGNE,Neurogene Inc,fintual
NGS,Natural Gas Services Group Inc,fintual;help
NGVC,Natural Grocers by Vitamin Cottage Inc,fintual;help
NGVT,Ingevity Corp,fintual;help
NHC,National HealthCare Corp,fintual;help
NHI,National Health Investors Inc,fintual;help
NI,NiSource Inc,fintual;help
NIC,Nicolet Bankshares Inc,fintual;help
NIQ,NIQ Global Intelligence Plc,fintual
NKE,NIKE Inc,fintual;help
NKTR,Nektar Therapeutics,fintual
NKTX,Nkarta Inc,fintual;help
NLY,Annaly Capital Management Inc,fintual;help
NMIH,NMI Holdings Inc,fintual;help
NN,NextNav Inc,fintual;help
NNE,NANO Nuclear Energy Inc,fintual;help
NNI,Nelnet Inc,fintual;help
NNN,NNN REIT Inc,fintual;help
NOAH,Noah Holdings Ltd,fintual;help
NOC,Northrop Grumman Corp,fintual;help
NOG,Northern Oil & Gas Inc,fintual;help
NOV,NOV Inc,fintual;help
NOVT,Novanta Inc,fintual;help
NOW,ServiceNow Inc,fintual;help
NPB,Northpointe Bancshares Inc,fintual
NPCE,NeuroPace Inc,fintual;help
NPK,National Presto Industries Inc,fintual;help
NPKI,NPK International Inc,fintual;help
NPO,Enpro Inc,fintual;help
NRG,NRG Energy Inc,fintual;help
NRIM,Northrim BanCorp Inc,fintual;help
NRIX,Nurix Therapeutics Inc,fintual;help
NRXS,Neuraxis Inc,fintual
NSC,Norfolk Southern Corp,fintual;help
NSIT,Insight Enterprises Inc,fintual;help
NSP,Insperity Inc,fintual;help
NSSC,Napco Security Technologies Inc,fintual;help
NTAP,NetApp Inc,fintual;help
NTCT,NetScout Systems Inc,fintual;help
NTGR,NETGEAR Inc,fintual;help
NTLA,Intellia Therapeutics Inc,fintual;help
NTR,Nutrien Ltd,fintual;help
NTRA,Natera Inc,fintual;help
NTRS,Northern Trust Corp,fintual;help
NTST,NETSTREIT Corp,fintual;help
NUE,Nucor Corp,fintual;help
NUS,Nu Skin Enterprises Inc,fintual;help
NUTX,Nutex Health Inc,fintual
NVAX,Novavax Inc,fintual;help
NVCR,Novocure Ltd,fintual;help
NVCT,Nuvectis Pharma Inc,fintual
NVDA,NVIDIA Corp,fintual;help
NVEC,NVE Corp,fintual;help
NVMI,Nova Ltd,fintual;help
NVO,Novo Nordisk A/S,fintual;help
NVR,NVR Inc,fintual;help
NVRI,Enviri Corp,fintual;help
NVST,Envista Holdings Corp,fintual;help
NVT,nVent Electric PLC,fintual;help
NVTS,Navitas Semiconductor Corp,fintual;help
NWBI,Northwest Bancshares Inc,fintual;help
NWE,Northwestern Energy Group Inc,fintual;help
NWL,Newell Brands Inc,fintual;help
NX,Quanex Building Products Corp,fintual;help
NXDT,NexPoint Diversified Real Estate Trust,fintual;help
NXRT,NexPoint Residential Trust Inc,fintual;help
NXST,Nexstar Media Group Inc,fintual;help
O,Realty Income Corp,fintual;help
OABI,OmniAb Inc,fintual;help
OBDC,Blue Owl Capital Inc,fintual;help
OBK,Origin Bancorp Inc,fintual;help
OCFC,OceanFirst Financial Corp,fintual;help
OCUL,Ocular Therapeutix Inc,fintual;help
ODC,Oil-Dri Corp of America,fintual;help
ODFL,Old Dominion Freight Line Inc,fintual;help
OFIX,Orthofix Medical Inc,fintual;help
OFLX,Omega Flex Inc,fintual;help
OGE,OGE Energy Corp,fintual;help
OGN,Organon & Co,fintual;help
OGS,ONE Gas Inc,fintual;help
OHI,Omega Healthcare Investors Inc,fintual;help
OI,O-I Glass Inc,fintual;help
OII,Oceaneering International Inc,fintual;help
OIS,Oil States International Inc,fintual;help
OKE,ONEOK Inc,fintual;help
OLED,Universal Display Corp,fintual;help
OLLI,Ollie's Bargain Outlet Holdings Inc,fintual;help
OLMA,Olema Pharmaceuticals Inc,fintual;help
OLN,Olin Corp,fintual;help
OLP,One Liberty Properties Inc,fintual;help
OM,Outset Medical Inc,fintual;help
OMC,Omnicom Group Inc,fintual;help
OMCL,Omnicell Inc,fintual;help
OMDA,Omada Health Inc,fintual
OMER,Omeros Corp,fintual;help
OMF,OneMain Holdings Inc,fintual;help
ON,ON Semiconductor Corp,fintual;help
ONIT,Onity Group Inc,fintual;help
ONTO,Onto Innovation Inc,fintual;help
OOMA,Ooma Inc,fintual;help
OPCH,Option Care Health Inc,fintual;help
OPEN,Opendoor Technologies Inc,fintual;help
OPK,OPKO Health Inc,fintual;help
OPLN,OPENLANE Inc,fintual;help
OPRT,Oportun Financial Corp,fintual;help
OPRX,OptimizeRx Corp,fintual;help
ORA,Ormat Technologies Inc,fintual;help
ORC,Orchid Island Capital Inc,fintual;help
ORCL,Oracle Corp,fintual;help
ORI,Old Republic International Corp,fintual;help
ORIC,ORIC Pharmaceuticals Inc,fintual;help
ORKA,Oruka Therapeutics Inc,fintual;help
ORLY,O'Reilly Automotive Inc,fintual;help
ORRF,Orrstown Financial Services Inc,fintual;help
OSBC,Old Second Bancorp Inc,fintual;help
OSIS,OSI Systems Inc,fintual;help
OSPN,OneSpan Inc,fintual;help
OSS,One Stop Systems Inc,fintual;help
OSUR,OraSure Technologies Inc,fintual;help
OTEX,Open Text Corp,fintual;help
OTIS,Otis Worldwide Corp,fintual;help
OTTR,Otter Tail Corp,fintual;help
OUST,Ouster Inc,fintual;help
OUT,Outfront Media Inc,fintual;help
OXM,Oxford Industries Inc,fintual;help
OXY,Occidental Petroleum Corp,fintual;help
OZK,Bank OZK,fintual;help
PAAS,Pan American Silver Corp,fintual;help
PACB,Pacific Biosciences of California Inc,fintual;help
PACS,PACS Group Inc,fintual;help
PAG,Penske Automotive Group Inc,fintual;help
PAL,Proficient Auto Logistics Inc,fintual
PAMT,PAMT CORP,fintual;help
PANW,Palo Alto Networks Inc,fintual;help
PAR,PAR Technology Corp,fintual;help
PARR,Par Pacific Holdings Inc,fintual;help
PATK,Patrick Industries Inc,fintual;help
PAYC,Paycom Software Inc,fintual;help
PAYO,Payoneer Global Inc,fintual;help
PAYS,Paysign Inc,fintual;help
PAYX,Paychex Inc,fintual;help
PB,Prosperity Bancshares Inc,fintual;help
PBH,Prestige Consumer Healthcare Inc,fintual;help
PBI,Pitney Bowes Inc,fintual;help
PBYI,Puma Biotechnology Inc,fintual;help
PCAR,PACCAR Inc,fintual;help
PCOR,Procore Technologies Inc,fintual;help
PCRX,Pacira BioSciences Inc,fintual;help
PCT,PureCycle Technologies Inc,fintual;help
PCTY,Paylocity Holding Corp,fintual;help
PCVX,Vaxcyte Inc,fintual;help
PD,PagerDuty Inc,fintual;help
PDD,PDD Holdings Inc,fintual;help
PDEX,Pro-Dex Inc,fintual
PDFS,PDF Solutions Inc,fintual;help
PDSB,PDS Biotechnology Corp,fintual;help
PEG,Public Service Enterprise Group Inc,fintual;help
PEGA,Pegasystems Inc,fintual;help
PEN,Penumbra Inc,fintual;help
PENG,Penguin Solutions Inc,fintual;help
PENN,Penn Entertainment Inc,fintual;help
PEP,PepsiCo Inc,fintual;help
PEPG,PepGen Inc,fintual
PERI,Perion Network Ltd,fintual;help
PESI,Perma-Fix Environmental Services Inc,fintual
PETS,PetMed Express Inc,fintual;help
PFE,Pfizer Inc,fintual;help
PFG,Principal Financial Group Inc,fintual;help
PFIS,Peoples Financial Services Corp,fintual;help
PFS,Provident Financial Services Inc,fintual;help
PFSI,PennyMac Financial Services Inc,fintual;help
PGC,Peapack-Gladstone Financial Corp,fintual;help
PGNY,Progyny Inc,fintual;help
PGR,Progressive Corp/The,fintual;help
PH,Parker-Hannifin Corp,fintual;help
PHAT,Phathom Pharmaceuticals Inc,fintual;help
PHIN,Phinia Inc,fintual;help
PHM,PulteGroup Inc,fintual;help
PHR,Phreesia Inc,fintual;help
PI,Impinj Inc,fintual;help
PII,Polaris Inc,fintual;help
PINE,Alpine Income Property Trust Inc,fintual
PK,Park Hotels & Resorts Inc,fintual;help
PKE,Park Aerospace Corp,fintual
PKG,Packaging Corp of America,fintual;help
PKOH,Park-Ohio Holdings Corp,fintual;help
PLAB,Photronics Inc,fintual;help
PLAY,Dave & Buster's Entertainment Inc,fintual;help
PLCE,Children's Place Inc/The,fintual;help
PLD,Prologis Inc,fintual;help
PLMR,Palomar Holdings Inc,fintual;help
PLNT,Planet Fitness Inc,fintual;help
PLOW,Douglas Dynamics Inc,fintual;help
PLRX,Pliant Therapeutics Inc,fintual;help
PLSE,Pulse Biosciences Inc,fintual;help
PLUG,Plug Power Inc,fintual;help
PLUS,ePlus Inc,fintual;help
PLXS,Plexus Corp,fintual;help
PM,Philip Morris International Inc,fintual;help
PMTS,CPI Card Group Inc,fintual;help
PNC,PNC Financial Services Group Inc/The,fintual;help
PNFP,Pinnacle Financial Partners Inc,fintual;help
PNR,Pentair PLC,fintual;help
PNRG,PrimeEnergy Resources Corp,fintual
PNW,Pinnacle West Capital Corp,fintual;help
PODD,Insulet Corp,fintual;help
POOL,Pool Corp,fintual;help
POR,Portland General Electric Co,fintual;help
POST,Post Holdings Inc,fintual;help
POWI,Power Integrations Inc,fintual;help
POWL,Powell Industries Inc,fintual;help
PPC,Pilgrim's Pride Corp,fintual;help
PPG,PPG Industries Inc,fintual;help
PPIH,Perma-Pipe International Holdings Inc,fintual
PPL,PPL Corp,fintual;help
PRAA,PRA Group Inc,fintual;help
PRAX,Praxis Precision Medicines Inc,fintual;help
PRCH,Porch Group Inc,fintual;help
PRCT,PROCEPT BioRobotics Corp,fintual;help
PRDO,Perdoceo Education Corp,fintual;help
PRG,PROG Holdings Inc,fintual;help
PRGS,Progress Software Corp,fintual;help
PRI,Primerica Inc,fintual;help
PRIM,Primoris Services Corp,fintual;help
PRK,Park National Corp,fintual;help
PRKS,United Parks & Resorts Inc,fintual;help
PRLB,Proto Labs Inc,fintual;help
PRM,Perimeter Solutions Inc,fintual;help
PRME,Prime Medicine Inc,fintual;help
PRSU,Pursuit Attractions and Hospitality Inc,fintual;help
PRTH,Priority Technology Holdings Inc,fintual;help
PRU,Prudential Financial Inc,fintual;help
PRVA,Privia Health Group Inc,fintual;help
PSA,Public Storage,fintual;help
PSFE,Paysafe Ltd,fintual
PSIX,Power Solutions International Inc,fintual;help
PSMT,PriceSmart Inc,fintual;help
PSN,Parsons Corp,fintual;help
PSNL,Personalis Inc,fintual;help
PSX,Phillips 66,fintual;help
PTC,PTC Inc,fintual;help
PTCT,PTC Therapeutics Inc,fintual;help
PTEN,Patterson-UTI Energy Inc,fintual;help
PTGX,Protagonist Therapeutics Inc,fintual;help
PTON,Peloton Interactive Inc,fintual;help
PUMP,ProPetro Holding Corp,fintual;help
PVH,PVH Corp,fintual;help
PVLA,Palvella Therapeutics Inc,fintual
PWR,Quanta Services Inc,fintual;help
PXED,Phoenix Education Partners Inc,fintual
PYPL,PayPal Holdings Inc,fintual;help
PZZA,Papa John's International Inc,fintual;help
QBTS,D-Wave Quantum Inc,fintual;help
QCOM,QUALCOMM Inc,fintual;help
QCRH,QCR Holdings Inc,fintual;help
QDEL,QuidelOrtho Corp,fintual;help
QLYS,Qualys Inc,fintual;help
QMCO,Quantum Corp,fintual;help
QNST,QuinStreet Inc,fintual;help
QRVO,Qorvo Inc,fintual;help
QS,QuantumScape Corp,fintual;help
QSR,Restaurant Brands International Inc,fintual;help
QTRX,Quanterix Corp,fintual;help
QTTB,Q32 Bio Inc,fintual;help
QTWO,Q2 Holdings Inc,fintual;help
QUBT,Quantum Computing Inc,fintual;help
QUIK,QuickLogic Corp,fintual;help
QXO,QXO Inc,fintual;help
R,Ryder System Inc,fintual;help
RAIL,FreightCar America Inc,fintual
RAL,Ralliant Corp,fintual;help
RAMP,LiveRamp Holdings Inc,fintual;help
RAPP,Rapport Therapeutics Inc,fintual;help
RARE,Ultragenyx Pharmaceutical Inc,fintual;help
RBA,RB Global Inc,fintual;help
RBB,RBB Bancorp,fintual;help
RBBN,Ribbon Communications Inc,fintual;help
RBC,RBC Bearings Inc,fintual;help
RC,Ready Capital Corp,fintual;help
RCAT,Red Cat Holdings Inc,fintual;help
RCEL,Avita Medical Inc,fintual;help
RCKT,Rocket Pharmaceuticals Inc,fintual;help
RCKY,Rocky Brands Inc,fintual;help
RCL,Royal Caribbean Cruises Ltd,fintual;help
RCMT,RCM Technologies Inc,fintual
RCUS,Arcus Biosciences Inc,fintual;help
RDN,Radian Group Inc,fintual;help
RDNT,RadNet Inc,fintual;help
RDVT,Red Violet Inc,fintual;help
RDW,Redwire Corp,fintual;help
REFI,Chicago Atlantic Real Estate Finance Inc,fintual;help
REG,Regency Centers Corp,fintual;help
REGN,Regeneron Pharmaceuticals Inc,fintual;help
REI,Ring Energy Inc,fintual;help
RELY,Remitly Global Inc,fintual;help
REPL,Replimune Group Inc,fintual;help
REPX,Riley Exploration Permian Inc,fintual;help
RES,RPC Inc,fintual;help
REX,REX American Resources Corp,fintual;help
REXR,Rexford Industrial Realty Inc,fintual;help
REYN,Reynolds Consumer Products Inc,fintual;help
REZI,Resideo Technologies Inc,fintual;help
RF,Regions Financial Corp,fintual;help
RGA,Reinsurance Group of America Inc,fintual;help
RGEN,Repligen Corp,fintual;help
RGLD,Royal Gold Inc,fintual;help
RGNX,REGENXBIO Inc,fintual;help
RGP,Resources Connection Inc,fintual;help
RGS,Regis Corp,fintual;help
RGTI,Rigetti Computing Inc,fintual;help
RHI,Robert Half Inc,fintual;help
RHLD,Resolute Holdings Management Inc,fintual
RICK,RCI Hospitality Holdings Inc,fintual;help
RIGL,Rigel Pharmaceuticals Inc,fintual;help
RIO,Rio Tinto PLC,fintual;help
RIOT,Riot Platforms Inc,fintual;help
RITM,Rithm Capital Corp,fintual;help
RJET,Republic Airways Holdings Inc,fintual
RJF,Raymond James Financial Inc,fintual;help
RKLB,Rocket Lab Corp,fintual;help
RL,Ralph Lauren Corp,fintual;help
RLAY,Relay Therapeutics Inc,fintual;help
RLGT,Radiant Logistics Inc,fintual
RLMD,Relmada Therapeutics Inc,fintual
RM,Regional Management Corp,fintual;help
RMBS,Rambus Inc,fintual;help
RMD,ResMed Inc,fintual;help
RMNI,Rimini Street Inc,fintual;help
RNA,"Atrium Therapeutics, Inc. Common Stock",fintual
RNAC,Cartesian Therapeutics Inc,fintual;help
RNR,RenaissanceRe Holdings Ltd,fintual;help
RNST,Renasant Corp,fintual;help
ROAD,Construction Partners Inc,fintual;help
ROCK,Gibraltar Industries Inc,fintual;help
ROG,Rogers Corp,fintual;help
ROIV,Roivant Sciences Ltd,fintual;help
ROK,Rockwell Automation Inc,fintual;help
ROL,Rollins Inc,fintual;help
ROP,Roper Technologies Inc,fintual;help
ROST,Ross Stores Inc,fintual;help
RPD,Rapid7 Inc,fintual;help
RPM,RPM International Inc,fintual;help
RRBI,Red River Bancshares Inc,fintual
RRC,Range Resources Corp,fintual;help
RRGB,Red Robin Gourmet Burgers Inc,fintual;help
RRX,Regal Rexnord Corp,fintual;help
RS,Reliance Inc,fintual;help
RSG,Republic Services Inc,fintual;help
RTX,RTX Corp,fintual;help
RUN,Sunrun Inc,fintual;help
RVMD,REVOLUTION Medicines Inc,fintual;help
RVTY,Revvity Inc,fintual;help
RWT,Redwood Trust Inc,fintual;help
RXO,RXO Inc,fintual;help
RXST,RxSight Inc,fintual;help
RXT,Rackspace Technology Inc,fintual;help
RY,Royal Bank of Canada,fintual;help
RYAM,Rayonier Advanced Materials Inc,fintual;help
RYTM,Rhythm Pharmaceuticals Inc,fintual;help
RYZ,Ryerson Holding Corp,fintual;help
SABR,Sabre Corp,fintual;help
SAFT,Safety Insurance Group Inc,fintual;help
SAH,Sonic Automotive Inc,fintual;help
SAIA,Saia Inc,fintual;help
SAIC,Science Applications International Corp,fintual;help
SAIL,SailPoint Inc,fintual
SANA,Sana Biotechnology Inc,fintual;help
SANM,Sanmina Corp,fintual;help
SAP,SAP SE,fintual;help
SARO,Standardaero Inc,fintual;help
SBCF,Seacoast Banking Corp of Florida,fintual;help
SBLK,Star Bulk Carriers Corp,fintual;help
SBRA,Sabra Health Care REIT Inc,fintual;help
SBSI,Southside Bancshares Inc,fintual;help
SBUX,Starbucks Corp,fintual;help
SCCO,Southern Copper Corp,fintual;help
SCHL,Scholastic Corp,fintual;help
SCHW,Charles Schwab Corp/The,fintual;help
SCSC,ScanSource Inc,fintual;help
SD,SandRidge Energy Inc,fintual;help
SDRL,Seadrill Ltd,fintual;help
SEB,Seaboard Corp,fintual
SEDG,SolarEdge Technologies Inc,fintual;help
SEG,Seaport Entertainment Group Inc,fintual
SENS,Senseonics Holdings Inc,fintual
SEPN,Septerna Inc,fintual;help
SERV,Serve Robotics Inc,fintual;help
SEZL,Sezzle Inc,fintual;help
SF,Stifel Financial Corp,fintual;help
SFBS,ServisFirst Bancshares Inc,fintual;help
SFD,Smithfield Foods Inc,fintual
SFM,Sprouts Farmers Market Inc,fintual;help
SFNC,Simmons First National Corp,fintual;help
SGI,Somnigroup International Inc,fintual;help
SGRY,Surgery Partners Inc,fintual;help
SHBI,Shore Bancshares Inc,fintual;help
SHEN,Shenandoah Telecommunications Co,fintual;help
SHOO,Steven Madden Ltd,fintual;help
SI,Shoulder Innovations Inc,fintual
SIBN,SI-BONE Inc,fintual;help
SIG,Signet Jewelers Ltd,fintual;help
SIGA,SIGA Technologies Inc,fintual;help
SIGI,Selective Insurance Group Inc,fintual;help
SION,Sionna Therapeutics Inc,fintual
SITC,SITE Centers Corp,fintual;help
SITE,SiteOne Landscape Supply Inc,fintual;help
SITM,SiTime Corp,fintual;help
SKT,Tanger Inc,fintual;help
SKWD,Skyward Specialty Insurance Group Inc,fintual;help
SKY,Champion Homes Inc,fintual;help
SKYW,SkyWest Inc,fintual;help
SLAB,Silicon Laboratories Inc,fintual;help
SLDB,Solid Biosciences Inc,fintual
SLDE,Slide Insurance Holdings Inc,fintual
SLF,Sun Life Financial Inc,fintual;help
SLG,SL Green Realty Corp,fintual;help
SLGN,Silgan Holdings Inc,fintual;help
SLM,SLM Corp,fintual;help
SLP,Simulations Plus Inc,fintual;help
SLQT,Selectquote Inc,fintual;help
SLVM,Sylvamo Corp,fintual;help
SMA,Smartstop Self Storage REIT Inc,fintual
SMBC,Southern Missouri Bancorp Inc,fintual;help
SMBK,SmartFinancial Inc,fintual;help
SMC,Summit Midstream Corp,fintual;help
SMCI,Super Micro Computer Inc,fintual;help
SMMT,Summit Therapeutics Inc,fintual;help
SMP,Standard Motor Products Inc,fintual;help
SMTC,Semtech Corp,fintual;help
SMTI,Sanara Medtech Inc,fintual;help
SMWB,SimilarWeb Ltd,fintual;help
SNA,Snap-on Inc,fintual;help
SNDA,Sonida Senior Living Inc,fintual;help
SNDR,Schneider National Inc,fintual;help
SNDX,Syndax Pharmaceuticals Inc,fintual;help
SNEX,StoneX Group Inc,fintual;help
SNOW,Snowflake Inc,fintual;help
SNPS,Synopsys Inc,fintual;help
SNWV,SANUWAVE Health Inc,fintual
SNX,TD SYNNEX Corp,fintual;help
SOC,Sable Offshore Corp,fintual;help
SOFI,SoFi Technologies Inc,fintual;help
SOLV,Solventum Corp,fintual;help
SONO,Sonos Inc,fintual;help
SPB,Spectrum Brands Holdings Inc,fintual;help
SPCE,Virgin Galactic Holdings Inc,fintual;help
SPFI,South Plains Financial Inc,fintual;help
SPG,Simon Property Group Inc,fintual;help
SPGI,S&P Global Inc,fintual;help
SPNT,SiriusPoint Ltd,fintual;help
SPOK,Spok Holdings Inc,fintual;help
SPRY,ARS Pharmaceuticals Inc,fintual;help
SPSC,SPS Commerce Inc,fintual;help
SPWH,Sportsman's Warehouse Holdings Inc,fintual;help
SPXC,SPX Technologies Inc,fintual;help
SR,Spire Inc,fintual;help
SRCE,1st Source Corp,fintual;help
SRI,Stoneridge Inc,fintual;help
SRPT,Sarepta Therapeutics Inc,fintual;help
SRRK,Scholar Rock Holding Corp,fintual;help
SSNC,SS&C Technologies Holdings Inc,fintual;help
SSTK,Shutterstock Inc,fintual;help
ST,Sensata Technologies Holding PLC,fintual;help
STAG,STAG Industrial Inc,fintual;help
STBA,S&T Bancorp Inc,fintual;help
STC,Stewart Information Services Corp,fintual;help
STLD,Steel Dynamics Inc,fintual;help
STN,Stantec Inc,fintual;help
STOK,Stoke Therapeutics Inc,fintual;help
STRA,Strategic Education Inc,fintual;help
STRL,Sterling Infrastructure Inc,fintual;help
STRO,Sutro Biopharma Inc,fintual;help
STRT,Strattec Security Corp,fintual
STRZ,Starz Entertainment Corp,fintual;help
STT,State Street Corp,fintual;help
STTK,Shattuck Labs Inc,fintual
STXS,Stereotaxis Inc,fintual
STZ,Constellation Brands Inc,fintual;help
SU,Suncor Energy Inc,fintual;help
SUI,Sun Communities Inc,fintual;help
SUNS,Sunrise Realty Trust Inc,fintual
SUPN,Supernus Pharmaceuticals Inc,fintual;help
SVRA,Savara Inc,fintual;help
SVV,Savers Value Village Inc,fintual;help
SW,Smurfit WestRock PLC,fintual;help
SWBI,Smith & Wesson Brands Inc,fintual;help
SWIM,Latham Group Inc,fintual;help
SWK,Stanley Black & Decker Inc,fintual;help
SWKS,Skyworks Solutions Inc,fintual;help
SXC,SunCoke Energy Inc,fintual;help
SXI,Standex International Corp,fintual;help
SXT,Sensient Technologies Corp,fintual;help
SYBT,Stock Yards Bancorp Inc,fintual;help
SYF,Synchrony Financial,fintual;help
SYK,Stryker Corp,fintual;help
SYNA,Synaptics Inc,fintual;help
SYRE,Spyre Therapeutics Inc,fintual;help
SYY,Sysco Corp,fintual;help
T,AT&T Inc,fintual;help
TAL,TAL Education Group,fintual;help
TALO,Talos Energy Inc,fintual;help
TARA,Protara Therapeutics Inc,fintual
TARS,Tarsus Pharmaceuticals Inc,fintual;help
TBCH,Turtle Beach Corp,fintual;help
TBI,TrueBlue Inc,fintual;help
TBPH,Theravance Biopharma Inc,fintual;help
TCBI,Texas Capital Bancshares Inc,fintual;help
TCBK,TriCo Bancshares,fintual;help
TCBX,Third Coast Bancshares Inc,fintual;help
TCMD,Tactile Systems Technology Inc,fintual;help
TCOM,Trip.com Group Ltd,fintual;help
TD,Toronto-Dominion Bank/The,fintual;help
TDC,Teradata Corp,fintual;help
TDG,TransDigm Group Inc,fintual;help
TDOC,Teladoc Health Inc,fintual;help
TDS,Telephone and Data Systems Inc,fintual;help
TDW,Tidewater Inc,fintual;help
TDY,Teledyne Technologies Inc,fintual;help
TE,T1 Energy Inc,fintual;help
TECH,Bio-Techne Corp,fintual;help
TECX,Tectonic Therapeutic Inc,fintual;help
TEL,TE Connectivity Ltd,fintual;help
TEN,Tsakos Energy Navigation Ltd,fintual;help
TENB,Tenable Holdings Inc,fintual;help
TER,Teradyne Inc,fintual;help
TEVA,Teva Pharmaceutical Industries Ltd,fintual;help
TEX,Terex Corp,fintual;help
TFC,Truist Financial Corp,fintual;help
TFII,TFI International Inc,fintual;help
TFIN,Triumph Financial Inc,fintual;help
TFSL,TFS Financial Corp,fintual;help
TFX,Teleflex Inc,fintual;help
TGT,Target Corp,fintual;help
TGTX,TG Therapeutics Inc,fintual;help
TH,Target Hospitality Corp,fintual;help
THC,Tenet Healthcare Corp,fintual;help
THG,Hanover Insurance Group Inc/The,fintual;help
THO,Thor Industries Inc,fintual;help
THRM,Gentherm Inc,fintual;help
THRY,Thryv Holdings Inc,fintual;help
TIC,TIC Solutions Inc,fintual
TIL,Instil Bio Inc,fintual
TILE,Interface Inc,fintual;help
TIPT,Tiptree Inc,fintual;help
TITN,Titan Machinery Inc,fintual;help
TKNO,Alpha Teknova Inc,fintual;help
TLN,Talen Energy Corp,fintual;help
TLRY,Tilray Brands Inc,fintual;help
TLS,Telos Corp,fintual;help
TM,Toyota Motor Corp,fintual;help
TMCI,Treace Medical Concepts Inc,fintual;help
TMDX,TransMedics Group Inc,fintual;help
TMO,Thermo Fisher Scientific Inc,fintual;help
TMP,Tompkins Financial Corp,fintual;help
TMUS,T-Mobile US Inc,fintual;help
TNDM,Tandem Diabetes Care Inc,fintual;help
TNET,TriNet Group Inc,fintual;help
TNGX,Tango Therapeutics Inc,fintual;help
TNYA,Tenaya Therapeutics Inc,fintual;help
TOL,Toll Brothers Inc,fintual;help
TORO,Toro Co/The,fintual;help
TPB,Turning Point Brands Inc,fintual;help
TPC,Tutor Perini Corp,fintual;help
TPL,Texas Pacific Land Corp,fintual;help
TPR,Tapestry Inc,fintual;help
TR,Tootsie Roll Industries Inc,fintual;help
TRAK,ReposiTrak Inc,fintual;help
TRC,Tejon Ranch Co,fintual;help
TRDA,Entrada Therapeutics Inc,fintual;help
TREE,LendingTree Inc,fintual;help
TRGP,Targa Resources Corp,fintual;help
TRI,Thomson Reuters Corp,fintual;help
TRIP,TripAdvisor Inc,fintual;help
TRMB,Trimble Inc,fintual;help
TRMK,Trustmark Corp,fintual;help
TRN,Trinity Industries Inc,fintual;help
TRNO,Terreno Realty Corp,fintual;help
TRNS,Transcat Inc,fintual;help
TROW,T Rowe Price Group Inc,fintual;help
TRP,TC Energy Corp,fintual;help
TRS,TriMas Corp,fintual;help
TRST,TrustCo Bank Corp NY,fintual;help
TRTX,TPG RE Finance Trust Inc,fintual;help
TRU,TransUnion,fintual;help
TRUP,Trupanion Inc,fintual;help
TRVI,Trevi Therapeutics Inc,fintual;help
TSEM,Tower Semiconductor Ltd,fintual;help
TSLA,Tesla Inc,fintual;help
TSN,Tyson Foods Inc,fintual;help
TT,Trane Technologies PLC,fintual;help
TTE,TotalEnergies SE,fintual;help
TTEC,TTEC Holdings Inc,fintual;help
TTEK,Tetra Tech Inc,fintual;help
TTGT,TechTarget Inc,fintual;help
TTI,TETRA Technologies Inc,fintual;help
TTMI,TTM Technologies Inc,fintual;help
TTWO,Take-Two Interactive Software Inc,fintual;help
TVTX,Travere Therapeutics Inc,fintual;help
TWFG,TWFG Inc,fintual;help
TWST,Twist Bioscience Corp,fintual;help
TXG,10X Genomics Inc,fintual;help
TXN,Texas Instruments Inc,fintual;help
TXNM,TXNM Energy Inc,fintual;help
TXRH,Texas Roadhouse Inc,fintual;help
TXT,Textron Inc,fintual;help
TYL,Tyler Technologies Inc,fintual;help
TYRA,Tyra Biosciences Inc,fintual;help
TZOO,Travelzoo,fintual
U,Unity Software Inc,fintual;help
UAL,United Airlines Holdings Inc,fintual;help
UAMY,United States Antimony Corp,fintual;help
UBER,Uber Technologies Inc,fintual;help
UCTT,Ultra Clean Holdings Inc,fintual;help
UDR,UDR Inc,fintual;help
UEC,Uranium Energy Corp,fintual;help
UFCS,United Fire Group Inc,fintual;help
UFPI,UFP Industries Inc,fintual;help
UFPT,UFP Technologies Inc,fintual;help
UGI,UGI Corp,fintual;help
UHS,Universal Health Services Inc,fintual;help
UHT,Universal Health Realty Income Trust,fintual;help
ULCC,Frontier Group Holdings Inc,fintual;help
ULH,Universal Logistics Holdings Inc,fintual;help
ULTA,Ulta Beauty Inc,fintual;help
UMBF,UMB Financial Corp,fintual;help
UMH,UMH Properties Inc,fintual;help
UNCY,Unicycive Therapeutics Inc,fintual
UNFI,United Natural Foods Inc,fintual;help
UNIT,Uniti Group Inc,fintual;help
UNM,Unum Group,fintual;help
UNP,Union Pacific Corp,fintual;help
UNTY,Unity Bancorp Inc,fintual;help
UPB,Upstream Bio Inc,fintual;help
UPBD,Upbound Group Inc,fintual;help
UPS,United Parcel Service Inc,fintual;help
UPST,Upstart Holdings Inc,fintual;help
UPWK,Upwork Inc,fintual;help
UPXI,Upexi Inc,fintual;help
URBN,Urban Outfitters Inc,fintual;help
URI,United Rentals Inc,fintual;help
USAR,USA Rare Earth Inc,fintual
USFD,US Foods Holding Corp,fintual;help
USLM,United States Lime & Minerals Inc,fintual;help
USNA,USANA Health Sciences Inc,fintual;help
UTHR,United Therapeutics Corp,fintual;help
UTI,Universal Technical Institute Inc,fintual;help
UTL,Unitil Corp,fintual;help
UTMD,Utah Medical Products Inc,fintual;help
UVE,Universal Insurance Holdings Inc,fintual;help
UVSP,Univest Financial Corp,fintual;help
V,Visa Inc,fintual;help
VAC,Marriott Vacations Worldwide Corp,fintual;help
VAL,Valaris Ltd,fintual;help
VC,Visteon Corp,fintual;help
VCEL,Vericel Corp,fintual;help
VCTR,Victory Capital Holdings Inc,fintual;help
VCYT,Veracyte Inc,fintual;help
VECO,Veeco Instruments Inc,fintual;help
VEL,Velocity Financial Inc,fintual;help
VELO,Velo3D Inc,fintual
VENU,Venu Holding Corp,fintual
VERI,Veritone Inc,fintual;help
VERU,Veru Inc,fintual;help
VIAV,Viavi Solutions Inc,fintual;help
VICI,VICI Properties Inc,fintual;help
VICR,Vicor Corp,fintual;help
VIR,Vir Biotechnology Inc,fintual;help
VITL,Vital Farms Inc,fintual;help
VKTX,Viking Therapeutics Inc,fintual;help
VLO,Valero Energy Corp,fintual;help
VLTO,Veralto Corp,fintual;help
VLY,Valley National Bancorp,fintual;help
VMD,Viemed Healthcare Inc,fintual;help
VMI,Valmont Industries Inc,fintual;help
VNDA,Vanda Pharmaceuticals Inc,fintual;help
VNET,Vnet Group Inc,fintual;help
VNO,Vornado Realty Trust,fintual;help
VNT,Vontier Corp,fintual;help
VOR,Vor BioPharma Inc,fintual
VOYA,Voya Financial Inc,fintual;help
VPG,Vishay Precision Group Inc,fintual;help
VRA,Vera Bradley Inc,fintual;help
VRDN,Viridian Therapeutics Inc,fintual;help
VREX,Varex Imaging Corp,fintual;help
VRNS,Varonis Systems Inc,fintual;help
VRSK,Verisk Analytics Inc,fintual;help
VRSN,VeriSign Inc,fintual;help
VRTS,Virtus Investment Partners Inc,fintual;help
VRTX,Vertex Pharmaceuticals Inc,fintual;help
VSAT,Viasat Inc,fintual;help
VSEC,VSE Corp,fintual;help
VSH,Vishay Intertechnology Inc,fintual;help
VST,Vistra Corp,fintual;help
VSTM,Verastem Inc,fintual
VSTS,Vestis Corp,fintual;help
VTOL,Bristow Group Inc,fintual;help
VTR,Ventas Inc,fintual;help
VTRS,Viatris Inc,fintual;help
VTS,Vitesse Energy Inc,fintual;help
VUZI,Vuzix Corp,fintual;help
VVOS,Vivos Therapeutics Inc,fintual
VVV,Valvoline Inc,fintual;help
VVX,V2X Inc,fintual;help
VYGR,Voyager Therapeutics Inc,fintual;help
VYX,NCR Voyix Corp,fintual;help
VZ,Verizon Communications Inc,fintual;help
WAB,Westinghouse Air Brake Technologies Corp,fintual;help
WAFD,WaFd Inc,fintual;help
WASH,Washington Trust Bancorp Inc,fintual;help
WAT,Waters Corp,fintual;help
WAY,Waystar Holding Corp,fintual;help
WB,Weibo Corp,fintual;help
WCC,WESCO International Inc,fintual;help
WCN,Waste Connections Inc,fintual;help
WD,Walker & Dunlop Inc,fintual;help
WDC,Western Digital Corp,fintual;help
WEAV,Weave Communications Inc,fintual;help
WEC,WEC Energy Group Inc,fintual;help
WELL,Welltower Inc,fintual;help
WERN,Werner Enterprises Inc,fintual;help
WEX,WEX Inc,fintual;help
WFG,West Fraser Timber Co Ltd,fintual;help
WFRD,Weatherford International PLC,fintual;help
WGO,Winnebago Industries Inc,fintual;help
WH,Wyndham Hotels & Resorts Inc,fintual;help
WHR,Whirlpool Corp,fintual;help
WHWK,Whitehawk Therapeutics Inc,fintual
WINA,Winmark Corp,fintual;help
WING,Wingstop Inc,fintual;help
WIX,Wix.com Ltd,fintual;help
WKC,World Kinect Corp,fintual;help
WLDN,Willdan Group Inc,fintual;help
WLFC,Willis Lease Finance Corp,fintual;help
WLK,Westlake Corp,fintual;help
WLTH,Wealthfront Corp,fintual
WM,Waste Management Inc,fintual;help
WMK,Weis Markets Inc,fintual;help
WMS,Advanced Drainage Systems Inc,fintual;help
WMT,Walmart Inc,fintual;help
WNC,Wabash National Corp,fintual;help
WOR,Worthington Enterprises Inc,fintual;help
WPP,WPP PLC,fintual;help
WRB,W R Berkley Corp,fintual;help
WRLD,World Acceptance Corp,fintual;help
WS,Worthington Steel Inc,fintual;help
WSBC,WesBanco Inc,fintual;help
WSFS,WSFS Financial Corp,fintual;help
WSO,Watsco Inc,fintual;help
WST,West Pharmaceutical Services Inc,fintual;help
WT,WisdomTree Inc,fintual;help
WTFC,Wintrust Financial Corp,fintual;help
WTI,W&T Offshore Inc,fintual;help
WTM,White Mountains Insurance Group Ltd,fintual;help
WTRG,Essential Utilities Inc,fintual;help
WULF,Terawulf Inc,fintual;help
WW,WW International Inc,fintual;help
WWD,Woodward Inc,fintual;help
WWW,Wolverine World Wide Inc,fintual;help
WYNN,Wynn Resorts Ltd,fintual;help
XEL,Xcel Energy Inc,fintual;help
XERS,Xeris Biopharma Holdings Inc,fintual;help
XHR,Xenia Hotels & Resorts Inc,fintual;help
XNCR,Xencor Inc,fintual;help
XPEL,XPEL Inc,fintual;help
XPER,Xperi Inc,fintual;help
XPO,XPO Inc,fintual;help
XRAY,DENTSPLY SIRONA Inc,fintual;help
XRX,Xerox Holdings Corp,fintual;help
YELP,Yelp Inc,fintual;help
YETI,YETI Holdings Inc,fintual;help
YEXT,Yext Inc,fintual;help
YUM,Yum! Brands Inc,fintual;help
YUMC,Yum China Holdings Inc,fintual;help
ZBH,Zimmer Biomet Holdings Inc,fintual;help
ZBIO,Zenas Biopharma Inc,fintual;help
ZD,Ziff Davis Inc,fintual;help
ZIM,ZIM Integrated Shipping Services Ltd,fintual;help
ZLAB,Zai Lab Ltd,fintual;help
ZNTL,Zentalis Pharmaceuticals Inc,fintual;help
ZS,Zscaler Inc,fintual;help
ZUMZ,Zumiez Inc,fintual;help
ZVRA,Zevra Therapeutics Inc,fintual;help
ZWS,Zurn Elkay Water Solutions Corp,fintual;help
ZYME,Zymeworks Inc,fintual;help
